prisoner_id,case_cnr,prison_id,prison_name,prison_state,prison_district,prison_capacity,total_prison_population,occupancy_rate,overcrowding_level,available_beds,overcrowding_gap,undertrial_population,convict_population,eligibility_result,release_barrier
UTP-2026-0001,MAMU01-542417-2023,PRIS-MH-01,Mumbai Central Prison (Arthur Road),Maharashtra,Mumbai City,804,1310,162.9,Severe,0,506,996,314,Excluded_Life_Or_Death,
UTP-2026-0002,MAMU01-407419-2025,PRIS-MH-01,Mumbai Central Prison (Arthur Road),Maharashtra,Mumbai City,804,1310,162.9,Severe,0,506,996,314,Excluded_Life_Or_Death,
UTP-2026-0003,MAMU01-380746-2023,PRIS-MH-01,Mumbai Central Prison (Arthur Road),Maharashtra,Mumbai City,804,1310,162.9,Severe,0,506,996,314,Eligible,
UTP-2026-0004,MAMU01-379786-2025,PRIS-MH-01,Mumbai Central Prison (Arthur Road),Maharashtra,Mumbai City,804,1310,162.9,Severe,0,506,996,314,Ineligible_Under_Time,
UTP-2026-0005,MAMU01-791798-2026,PRIS-MH-01,Mumbai Central Prison (Arthur Road),Maharashtra,Mumbai City,804,1310,162.9,Severe,0,506,996,314,Blocked_Multiple_FIRs,
UTP-2026-0006,MAMU01-922733-2026,PRIS-MH-01,Mumbai Central Prison (Arthur Road),Maharashtra,Mumbai City,804,1310,162.9,Severe,0,506,996,314,Ineligible_Under_Time,
UTP-2026-0007,MAMU01-604740-2024,PRIS-MH-01,Mumbai Central Prison (Arthur Road),Maharashtra,Mumbai City,804,1310,162.9,Severe,0,506,996,314,Ineligible_Under_Time,
UTP-2026-0008,MAMU01-185965-2026,PRIS-MH-01,Mumbai Central Prison (Arthur Road),Maharashtra,Mumbai City,804,1310,162.9,Severe,0,506,996,314,Eligible,Court hearing pending
UTP-2026-0009,MAMU01-212235-2024,PRIS-MH-01,Mumbai Central Prison (Arthur Road),Maharashtra,Mumbai City,804,1310,162.9,Severe,0,506,996,314,Ineligible_Under_Time,
UTP-2026-0010,MAMU01-934794-2023,PRIS-MH-01,Mumbai Central Prison (Arthur Road),Maharashtra,Mumbai City,804,1310,162.9,Severe,0,506,996,314,Ineligible_Under_Time,
UTP-2026-0011,MAMU01-172792-2025,PRIS-MH-01,Mumbai Central Prison (Arthur Road),Maharashtra,Mumbai City,804,1310,162.9,Severe,0,506,996,314,Eligible,Surety pending
UTP-2026-0012,MAMU01-301158-2026,PRIS-MH-01,Mumbai Central Prison (Arthur Road),Maharashtra,Mumbai City,804,1310,162.9,Severe,0,506,996,314,Blocked_Multiple_FIRs,
UTP-2026-0013,MAMU01-534572-2024,PRIS-MH-01,Mumbai Central Prison (Arthur Road),Maharashtra,Mumbai City,804,1310,162.9,Severe,0,506,996,314,Ineligible_Under_Time,
UTP-2026-0014,MAMU01-903013-2026,PRIS-MH-01,Mumbai Central Prison (Arthur Road),Maharashtra,Mumbai City,804,1310,162.9,Severe,0,506,996,314,Ineligible_Under_Time,
UTP-2026-0015,MAMU01-611945-2024,PRIS-MH-01,Mumbai Central Prison (Arthur Road),Maharashtra,Mumbai City,804,1310,162.9,Severe,0,506,996,314,Ineligible_Under_Time,
UTP-2026-0016,MAMU01-171951-2023,PRIS-MH-01,Mumbai Central Prison (Arthur Road),Maharashtra,Mumbai City,804,1310,162.9,Severe,0,506,996,314,Ineligible_Under_Time,
UTP-2026-0017,MAMU01-143064-2025,PRIS-MH-01,Mumbai Central Prison (Arthur Road),Maharashtra,Mumbai City,804,1310,162.9,Severe,0,506,996,314,Ineligible_Under_Time,
UTP-2026-0018,MAMU01-322423-2025,PRIS-MH-01,Mumbai Central Prison (Arthur Road),Maharashtra,Mumbai City,804,1310,162.9,Severe,0,506,996,314,Blocked_Multiple_FIRs,
UTP-2026-0019,MAMU01-878967-2024,PRIS-MH-01,Mumbai Central Prison (Arthur Road),Maharashtra,Mumbai City,804,1310,162.9,Severe,0,506,996,314,Eligible,
UTP-2026-0020,MAMU01-690180-2025,PRIS-MH-01,Mumbai Central Prison (Arthur Road),Maharashtra,Mumbai City,804,1310,162.9,Severe,0,506,996,314,Eligible,Surety pending
UTP-2026-0021,MAMU01-545790-2023,PRIS-MH-01,Mumbai Central Prison (Arthur Road),Maharashtra,Mumbai City,804,1310,162.9,Severe,0,506,996,314,Blocked_Multiple_FIRs,
UTP-2026-0022,MAMU01-713762-2026,PRIS-MH-01,Mumbai Central Prison (Arthur Road),Maharashtra,Mumbai City,804,1310,162.9,Severe,0,506,996,314,Excluded_Life_Or_Death,
UTP-2026-0023,MAMU01-402020-2026,PRIS-MH-01,Mumbai Central Prison (Arthur Road),Maharashtra,Mumbai City,804,1310,162.9,Severe,0,506,996,314,Blocked_Multiple_FIRs,
UTP-2026-0024,MAMU01-925981-2025,PRIS-MH-01,Mumbai Central Prison (Arthur Road),Maharashtra,Mumbai City,804,1310,162.9,Severe,0,506,996,314,Eligible,Court hearing pending
UTP-2026-0025,MAMU01-786587-2024,PRIS-MH-01,Mumbai Central Prison (Arthur Road),Maharashtra,Mumbai City,804,1310,162.9,Severe,0,506,996,314,Blocked_Multiple_FIRs,
UTP-2026-0026,MAMU01-814919-2024,PRIS-MH-01,Mumbai Central Prison (Arthur Road),Maharashtra,Mumbai City,804,1310,162.9,Severe,0,506,996,314,Ineligible_Under_Time,
UTP-2026-0027,MAMU01-108491-2023,PRIS-MH-01,Mumbai Central Prison (Arthur Road),Maharashtra,Mumbai City,804,1310,162.9,Severe,0,506,996,314,Blocked_Multiple_FIRs,
UTP-2026-0028,MAMU01-409478-2025,PRIS-MH-01,Mumbai Central Prison (Arthur Road),Maharashtra,Mumbai City,804,1310,162.9,Severe,0,506,996,314,Excluded_Life_Or_Death,
UTP-2026-0029,MAMU01-835132-2025,PRIS-MH-01,Mumbai Central Prison (Arthur Road),Maharashtra,Mumbai City,804,1310,162.9,Severe,0,506,996,314,Ineligible_Under_Time,
UTP-2026-0030,MAMU01-772875-2023,PRIS-MH-01,Mumbai Central Prison (Arthur Road),Maharashtra,Mumbai City,804,1310,162.9,Severe,0,506,996,314,Ineligible_Under_Time,
UTP-2026-0031,MAMU01-332311-2023,PRIS-MH-01,Mumbai Central Prison (Arthur Road),Maharashtra,Mumbai City,804,1310,162.9,Severe,0,506,996,314,Blocked_Multiple_FIRs,
UTP-2026-0032,MAMU01-865054-2023,PRIS-MH-01,Mumbai Central Prison (Arthur Road),Maharashtra,Mumbai City,804,1310,162.9,Severe,0,506,996,314,Ineligible_Under_Time,
UTP-2026-0033,MAMU01-986438-2025,PRIS-MH-01,Mumbai Central Prison (Arthur Road),Maharashtra,Mumbai City,804,1310,162.9,Severe,0,506,996,314,Eligible,Surety pending
UTP-2026-0034,MAMU01-265056-2023,PRIS-MH-01,Mumbai Central Prison (Arthur Road),Maharashtra,Mumbai City,804,1310,162.9,Severe,0,506,996,314,Ineligible_Under_Time,
UTP-2026-0035,MAMU01-878086-2023,PRIS-MH-01,Mumbai Central Prison (Arthur Road),Maharashtra,Mumbai City,804,1310,162.9,Severe,0,506,996,314,Blocked_Multiple_FIRs,
UTP-2026-0036,MAMU01-207798-2024,PRIS-MH-01,Mumbai Central Prison (Arthur Road),Maharashtra,Mumbai City,804,1310,162.9,Severe,0,506,996,314,Eligible,
UTP-2026-0037,MAMU01-949153-2024,PRIS-MH-01,Mumbai Central Prison (Arthur Road),Maharashtra,Mumbai City,804,1310,162.9,Severe,0,506,996,314,Eligible,Surety pending
UTP-2026-0038,MAMU01-794299-2026,PRIS-MH-01,Mumbai Central Prison (Arthur Road),Maharashtra,Mumbai City,804,1310,162.9,Severe,0,506,996,314,Blocked_Multiple_FIRs,
UTP-2026-0039,MAMU01-826501-2024,PRIS-MH-01,Mumbai Central Prison (Arthur Road),Maharashtra,Mumbai City,804,1310,162.9,Severe,0,506,996,314,Eligible,Surety pending
UTP-2026-0040,MAMU01-332823-2026,PRIS-MH-01,Mumbai Central Prison (Arthur Road),Maharashtra,Mumbai City,804,1310,162.9,Severe,0,506,996,314,Ineligible_Under_Time,
UTP-2026-0041,MAMU01-753064-2026,PRIS-MH-01,Mumbai Central Prison (Arthur Road),Maharashtra,Mumbai City,804,1310,162.9,Severe,0,506,996,314,Blocked_Multiple_FIRs,
UTP-2026-0042,MAMU01-239890-2023,PRIS-MH-01,Mumbai Central Prison (Arthur Road),Maharashtra,Mumbai City,804,1310,162.9,Severe,0,506,996,314,Blocked_Multiple_FIRs,
UTP-2026-0043,MAMU01-620306-2026,PRIS-MH-01,Mumbai Central Prison (Arthur Road),Maharashtra,Mumbai City,804,1310,162.9,Severe,0,506,996,314,Ineligible_Under_Time,
UTP-2026-0044,MAMU01-559457-2023,PRIS-MH-01,Mumbai Central Prison (Arthur Road),Maharashtra,Mumbai City,804,1310,162.9,Severe,0,506,996,314,Ineligible_Under_Time,
UTP-2026-0045,MAMU01-848022-2026,PRIS-MH-01,Mumbai Central Prison (Arthur Road),Maharashtra,Mumbai City,804,1310,162.9,Severe,0,506,996,314,Blocked_Multiple_FIRs,
UTP-2026-0046,MAMU01-588461-2025,PRIS-MH-01,Mumbai Central Prison (Arthur Road),Maharashtra,Mumbai City,804,1310,162.9,Severe,0,506,996,314,Ineligible_Under_Time,
UTP-2026-0047,MAMU01-690996-2023,PRIS-MH-01,Mumbai Central Prison (Arthur Road),Maharashtra,Mumbai City,804,1310,162.9,Severe,0,506,996,314,Blocked_Multiple_FIRs,
UTP-2026-0048,MAMU01-353480-2026,PRIS-MH-01,Mumbai Central Prison (Arthur Road),Maharashtra,Mumbai City,804,1310,162.9,Severe,0,506,996,314,Ineligible_Under_Time,
UTP-2026-0049,MAMU01-377319-2025,PRIS-MH-01,Mumbai Central Prison (Arthur Road),Maharashtra,Mumbai City,804,1310,162.9,Severe,0,506,996,314,Approaching,Court hearing pending
UTP-2026-0050,MAMU01-983532-2025,PRIS-MH-01,Mumbai Central Prison (Arthur Road),Maharashtra,Mumbai City,804,1310,162.9,Severe,0,506,996,314,Ineligible_Under_Time,
UTP-2026-0051,MAMU01-594514-2023,PRIS-MH-01,Mumbai Central Prison (Arthur Road),Maharashtra,Mumbai City,804,1310,162.9,Severe,0,506,996,314,Eligible,Surety pending
UTP-2026-0052,MAMU01-144109-2025,PRIS-MH-01,Mumbai Central Prison (Arthur Road),Maharashtra,Mumbai City,804,1310,162.9,Severe,0,506,996,314,Ineligible_Under_Time,
UTP-2026-0053,MAMU01-783984-2024,PRIS-MH-01,Mumbai Central Prison (Arthur Road),Maharashtra,Mumbai City,804,1310,162.9,Severe,0,506,996,314,Eligible,Surety pending
UTP-2026-0054,MAMU01-284019-2026,PRIS-MH-01,Mumbai Central Prison (Arthur Road),Maharashtra,Mumbai City,804,1310,162.9,Severe,0,506,996,314,Ineligible_Under_Time,
UTP-2026-0055,MAMU01-536045-2026,PRIS-MH-01,Mumbai Central Prison (Arthur Road),Maharashtra,Mumbai City,804,1310,162.9,Severe,0,506,996,314,Ineligible_Under_Time,
UTP-2026-0056,MAMU01-706403-2023,PRIS-MH-01,Mumbai Central Prison (Arthur Road),Maharashtra,Mumbai City,804,1310,162.9,Severe,0,506,996,314,Ineligible_Under_Time,
UTP-2026-0057,MAMU01-854024-2026,PRIS-MH-01,Mumbai Central Prison (Arthur Road),Maharashtra,Mumbai City,804,1310,162.9,Severe,0,506,996,314,Ineligible_Under_Time,
UTP-2026-0058,MAMU01-416422-2024,PRIS-MH-01,Mumbai Central Prison (Arthur Road),Maharashtra,Mumbai City,804,1310,162.9,Severe,0,506,996,314,Eligible,
UTP-2026-0059,MAMU01-969695-2024,PRIS-MH-01,Mumbai Central Prison (Arthur Road),Maharashtra,Mumbai City,804,1310,162.9,Severe,0,506,996,314,Ineligible_Under_Time,
UTP-2026-0060,MAMU01-980521-2025,PRIS-MH-01,Mumbai Central Prison (Arthur Road),Maharashtra,Mumbai City,804,1310,162.9,Severe,0,506,996,314,Ineligible_Under_Time,
UTP-2026-0061,MAMU01-177941-2023,PRIS-MH-01,Mumbai Central Prison (Arthur Road),Maharashtra,Mumbai City,804,1310,162.9,Severe,0,506,996,314,Blocked_Multiple_FIRs,
UTP-2026-0062,MAMU01-692447-2024,PRIS-MH-01,Mumbai Central Prison (Arthur Road),Maharashtra,Mumbai City,804,1310,162.9,Severe,0,506,996,314,Blocked_Multiple_FIRs,
UTP-2026-0063,MAMU01-888795-2026,PRIS-MH-01,Mumbai Central Prison (Arthur Road),Maharashtra,Mumbai City,804,1310,162.9,Severe,0,506,996,314,Eligible,
UTP-2026-0064,MAMU01-186023-2025,PRIS-MH-01,Mumbai Central Prison (Arthur Road),Maharashtra,Mumbai City,804,1310,162.9,Severe,0,506,996,314,Ineligible_Under_Time,
UTP-2026-0065,MAMU01-275329-2026,PRIS-MH-01,Mumbai Central Prison (Arthur Road),Maharashtra,Mumbai City,804,1310,162.9,Severe,0,506,996,314,Ineligible_Under_Time,
UTP-2026-0066,MAMU01-691240-2024,PRIS-MH-01,Mumbai Central Prison (Arthur Road),Maharashtra,Mumbai City,804,1310,162.9,Severe,0,506,996,314,Approaching,Court hearing pending
UTP-2026-0067,MAMU01-810380-2026,PRIS-MH-01,Mumbai Central Prison (Arthur Road),Maharashtra,Mumbai City,804,1310,162.9,Severe,0,506,996,314,Ineligible_Under_Time,
UTP-2026-0068,MAMU01-123682-2025,PRIS-MH-01,Mumbai Central Prison (Arthur Road),Maharashtra,Mumbai City,804,1310,162.9,Severe,0,506,996,314,Eligible,Surety pending
UTP-2026-0069,MAMU01-511612-2023,PRIS-MH-01,Mumbai Central Prison (Arthur Road),Maharashtra,Mumbai City,804,1310,162.9,Severe,0,506,996,314,Ineligible_Under_Time,
UTP-2026-0070,MAMU01-619013-2026,PRIS-MH-01,Mumbai Central Prison (Arthur Road),Maharashtra,Mumbai City,804,1310,162.9,Severe,0,506,996,314,Blocked_Multiple_FIRs,
UTP-2026-0071,MAMU01-223088-2024,PRIS-MH-01,Mumbai Central Prison (Arthur Road),Maharashtra,Mumbai City,804,1310,162.9,Severe,0,506,996,314,Ineligible_Under_Time,
UTP-2026-0072,MAMU01-763121-2025,PRIS-MH-01,Mumbai Central Prison (Arthur Road),Maharashtra,Mumbai City,804,1310,162.9,Severe,0,506,996,314,Ineligible_Under_Time,
UTP-2026-0073,MAMU01-921967-2026,PRIS-MH-01,Mumbai Central Prison (Arthur Road),Maharashtra,Mumbai City,804,1310,162.9,Severe,0,506,996,314,Blocked_Multiple_FIRs,
UTP-2026-0074,MAMU01-542828-2024,PRIS-MH-01,Mumbai Central Prison (Arthur Road),Maharashtra,Mumbai City,804,1310,162.9,Severe,0,506,996,314,Ineligible_Under_Time,
UTP-2026-0075,MAMU01-680278-2025,PRIS-MH-01,Mumbai Central Prison (Arthur Road),Maharashtra,Mumbai City,804,1310,162.9,Severe,0,506,996,314,Ineligible_Under_Time,
UTP-2026-0076,MAMU01-400404-2026,PRIS-MH-01,Mumbai Central Prison (Arthur Road),Maharashtra,Mumbai City,804,1310,162.9,Severe,0,506,996,314,Excluded_Life_Or_Death,
UTP-2026-0077,MAMU01-243876-2023,PRIS-MH-01,Mumbai Central Prison (Arthur Road),Maharashtra,Mumbai City,804,1310,162.9,Severe,0,506,996,314,Approaching,Court hearing pending
UTP-2026-0078,MAMU01-257375-2024,PRIS-MH-01,Mumbai Central Prison (Arthur Road),Maharashtra,Mumbai City,804,1310,162.9,Severe,0,506,996,314,Blocked_Multiple_FIRs,
UTP-2026-0079,MAMU01-913575-2024,PRIS-MH-01,Mumbai Central Prison (Arthur Road),Maharashtra,Mumbai City,804,1310,162.9,Severe,0,506,996,314,Blocked_Multiple_FIRs,
UTP-2026-0080,MAMU01-695403-2023,PRIS-MH-01,Mumbai Central Prison (Arthur Road),Maharashtra,Mumbai City,804,1310,162.9,Severe,0,506,996,314,Ineligible_Under_Time,
UTP-2026-0081,MAMU01-473023-2026,PRIS-MH-01,Mumbai Central Prison (Arthur Road),Maharashtra,Mumbai City,804,1310,162.9,Severe,0,506,996,314,Eligible,Surety pending
UTP-2026-0082,MAMU01-701761-2026,PRIS-MH-01,Mumbai Central Prison (Arthur Road),Maharashtra,Mumbai City,804,1310,162.9,Severe,0,506,996,314,Ineligible_Under_Time,
UTP-2026-0083,MAMU01-950069-2025,PRIS-MH-01,Mumbai Central Prison (Arthur Road),Maharashtra,Mumbai City,804,1310,162.9,Severe,0,506,996,314,Ineligible_Under_Time,
UTP-2026-0084,MAMU01-100716-2025,PRIS-MH-01,Mumbai Central Prison (Arthur Road),Maharashtra,Mumbai City,804,1310,162.9,Severe,0,506,996,314,Ineligible_Under_Time,
UTP-2026-0085,MAMU01-700660-2026,PRIS-MH-01,Mumbai Central Prison (Arthur Road),Maharashtra,Mumbai City,804,1310,162.9,Severe,0,506,996,314,Eligible,Court hearing pending
UTP-2026-0086,MAMU01-493580-2023,PRIS-MH-01,Mumbai Central Prison (Arthur Road),Maharashtra,Mumbai City,804,1310,162.9,Severe,0,506,996,314,Excluded_Life_Or_Death,
UTP-2026-0087,MAMU01-857111-2025,PRIS-MH-01,Mumbai Central Prison (Arthur Road),Maharashtra,Mumbai City,804,1310,162.9,Severe,0,506,996,314,Ineligible_Under_Time,
UTP-2026-0088,MAMU01-977740-2025,PRIS-MH-01,Mumbai Central Prison (Arthur Road),Maharashtra,Mumbai City,804,1310,162.9,Severe,0,506,996,314,Ineligible_Under_Time,
UTP-2026-0089,MAMU01-370413-2025,PRIS-MH-01,Mumbai Central Prison (Arthur Road),Maharashtra,Mumbai City,804,1310,162.9,Severe,0,506,996,314,Eligible,
UTP-2026-0090,MAMU01-447596-2024,PRIS-MH-01,Mumbai Central Prison (Arthur Road),Maharashtra,Mumbai City,804,1310,162.9,Severe,0,506,996,314,Blocked_Multiple_FIRs,
UTP-2026-0091,MAMU01-130354-2024,PRIS-MH-01,Mumbai Central Prison (Arthur Road),Maharashtra,Mumbai City,804,1310,162.9,Severe,0,506,996,314,Ineligible_Under_Time,
UTP-2026-0092,MAMU01-336047-2024,PRIS-MH-01,Mumbai Central Prison (Arthur Road),Maharashtra,Mumbai City,804,1310,162.9,Severe,0,506,996,314,Eligible,Surety pending
UTP-2026-0093,MAMU01-642421-2024,PRIS-MH-01,Mumbai Central Prison (Arthur Road),Maharashtra,Mumbai City,804,1310,162.9,Severe,0,506,996,314,Blocked_Multiple_FIRs,
UTP-2026-0094,MAMU01-812730-2025,PRIS-MH-01,Mumbai Central Prison (Arthur Road),Maharashtra,Mumbai City,804,1310,162.9,Severe,0,506,996,314,Eligible,
UTP-2026-0095,MAMU01-613358-2023,PRIS-MH-01,Mumbai Central Prison (Arthur Road),Maharashtra,Mumbai City,804,1310,162.9,Severe,0,506,996,314,Ineligible_Under_Time,
UTP-2026-0096,MAMU01-951452-2026,PRIS-MH-01,Mumbai Central Prison (Arthur Road),Maharashtra,Mumbai City,804,1310,162.9,Severe,0,506,996,314,Ineligible_Under_Time,
UTP-2026-0097,MAMU01-539170-2023,PRIS-MH-01,Mumbai Central Prison (Arthur Road),Maharashtra,Mumbai City,804,1310,162.9,Severe,0,506,996,314,Eligible,Surety pending
UTP-2026-0098,MAMU01-809641-2025,PRIS-MH-01,Mumbai Central Prison (Arthur Road),Maharashtra,Mumbai City,804,1310,162.9,Severe,0,506,996,314,Eligible,Surety pending
UTP-2026-0099,MAMU01-237002-2026,PRIS-MH-01,Mumbai Central Prison (Arthur Road),Maharashtra,Mumbai City,804,1310,162.9,Severe,0,506,996,314,Ineligible_Under_Time,
UTP-2026-0100,MAMU01-346415-2023,PRIS-MH-01,Mumbai Central Prison (Arthur Road),Maharashtra,Mumbai City,804,1310,162.9,Severe,0,506,996,314,Ineligible_Under_Time,
UTP-2026-0101,MAMU01-457938-2025,PRIS-MH-01,Mumbai Central Prison (Arthur Road),Maharashtra,Mumbai City,804,1310,162.9,Severe,0,506,996,314,Ineligible_Under_Time,
UTP-2026-0102,MAMU01-285810-2024,PRIS-MH-01,Mumbai Central Prison (Arthur Road),Maharashtra,Mumbai City,804,1310,162.9,Severe,0,506,996,314,Excluded_Life_Or_Death,
UTP-2026-0103,MAMU01-438041-2023,PRIS-MH-01,Mumbai Central Prison (Arthur Road),Maharashtra,Mumbai City,804,1310,162.9,Severe,0,506,996,314,Eligible,Surety pending
UTP-2026-0104,MAMU01-922405-2025,PRIS-MH-01,Mumbai Central Prison (Arthur Road),Maharashtra,Mumbai City,804,1310,162.9,Severe,0,506,996,314,Eligible,
UTP-2026-0105,MAMU01-614379-2025,PRIS-MH-01,Mumbai Central Prison (Arthur Road),Maharashtra,Mumbai City,804,1310,162.9,Severe,0,506,996,314,Ineligible_Under_Time,
UTP-2026-0106,MAMU01-369054-2025,PRIS-MH-01,Mumbai Central Prison (Arthur Road),Maharashtra,Mumbai City,804,1310,162.9,Severe,0,506,996,314,Blocked_Multiple_FIRs,
UTP-2026-0107,MAMU01-527433-2026,PRIS-MH-01,Mumbai Central Prison (Arthur Road),Maharashtra,Mumbai City,804,1310,162.9,Severe,0,506,996,314,Ineligible_Under_Time,
UTP-2026-0108,MAMU01-680412-2024,PRIS-MH-01,Mumbai Central Prison (Arthur Road),Maharashtra,Mumbai City,804,1310,162.9,Severe,0,506,996,314,Ineligible_Under_Time,
UTP-2026-0109,MAMU01-204904-2025,PRIS-MH-01,Mumbai Central Prison (Arthur Road),Maharashtra,Mumbai City,804,1310,162.9,Severe,0,506,996,314,Ineligible_Under_Time,
UTP-2026-0110,MAMU01-862760-2023,PRIS-MH-01,Mumbai Central Prison (Arthur Road),Maharashtra,Mumbai City,804,1310,162.9,Severe,0,506,996,314,Eligible,
UTP-2026-0111,MAMU01-476224-2023,PRIS-MH-01,Mumbai Central Prison (Arthur Road),Maharashtra,Mumbai City,804,1310,162.9,Severe,0,506,996,314,Ineligible_Under_Time,
UTP-2026-0112,MAMU01-245718-2026,PRIS-MH-01,Mumbai Central Prison (Arthur Road),Maharashtra,Mumbai City,804,1310,162.9,Severe,0,506,996,314,Excluded_Life_Or_Death,
UTP-2026-0113,MAMU01-690982-2023,PRIS-MH-01,Mumbai Central Prison (Arthur Road),Maharashtra,Mumbai City,804,1310,162.9,Severe,0,506,996,314,Ineligible_Under_Time,
UTP-2026-0114,MAMU01-197716-2026,PRIS-MH-01,Mumbai Central Prison (Arthur Road),Maharashtra,Mumbai City,804,1310,162.9,Severe,0,506,996,314,Ineligible_Under_Time,
UTP-2026-0115,MAMU01-493247-2024,PRIS-MH-01,Mumbai Central Prison (Arthur Road),Maharashtra,Mumbai City,804,1310,162.9,Severe,0,506,996,314,Ineligible_Under_Time,
UTP-2026-0116,MAMU01-105547-2023,PRIS-MH-01,Mumbai Central Prison (Arthur Road),Maharashtra,Mumbai City,804,1310,162.9,Severe,0,506,996,314,Ineligible_Under_Time,
UTP-2026-0117,MAMU01-116112-2023,PRIS-MH-01,Mumbai Central Prison (Arthur Road),Maharashtra,Mumbai City,804,1310,162.9,Severe,0,506,996,314,Ineligible_Under_Time,
UTP-2026-0118,MAMU01-370343-2023,PRIS-MH-01,Mumbai Central Prison (Arthur Road),Maharashtra,Mumbai City,804,1310,162.9,Severe,0,506,996,314,Blocked_Multiple_FIRs,
UTP-2026-0119,MAMU01-808640-2026,PRIS-MH-01,Mumbai Central Prison (Arthur Road),Maharashtra,Mumbai City,804,1310,162.9,Severe,0,506,996,314,Ineligible_Under_Time,
UTP-2026-0120,MAMU01-372315-2024,PRIS-MH-01,Mumbai Central Prison (Arthur Road),Maharashtra,Mumbai City,804,1310,162.9,Severe,0,506,996,314,Ineligible_Under_Time,
UTP-2026-0121,DEWE01-414608-2025,PRIS-DL-01,Tihar Central Prison No. 4,Delhi,West Delhi,740,1485,200.7,Severe,0,745,1129,356,Ineligible_Under_Time,
UTP-2026-0122,DEWE01-453777-2026,PRIS-DL-01,Tihar Central Prison No. 4,Delhi,West Delhi,740,1485,200.7,Severe,0,745,1129,356,Ineligible_Under_Time,
UTP-2026-0123,DEWE01-424398-2024,PRIS-DL-01,Tihar Central Prison No. 4,Delhi,West Delhi,740,1485,200.7,Severe,0,745,1129,356,Ineligible_Under_Time,
UTP-2026-0124,DEWE01-591989-2023,PRIS-DL-01,Tihar Central Prison No. 4,Delhi,West Delhi,740,1485,200.7,Severe,0,745,1129,356,Ineligible_Under_Time,
UTP-2026-0125,DEWE01-660957-2023,PRIS-DL-01,Tihar Central Prison No. 4,Delhi,West Delhi,740,1485,200.7,Severe,0,745,1129,356,Ineligible_Under_Time,
UTP-2026-0126,DEWE01-871041-2023,PRIS-DL-01,Tihar Central Prison No. 4,Delhi,West Delhi,740,1485,200.7,Severe,0,745,1129,356,Ineligible_Under_Time,
UTP-2026-0127,DEWE01-896456-2023,PRIS-DL-01,Tihar Central Prison No. 4,Delhi,West Delhi,740,1485,200.7,Severe,0,745,1129,356,Ineligible_Under_Time,
UTP-2026-0128,DEWE01-576136-2023,PRIS-DL-01,Tihar Central Prison No. 4,Delhi,West Delhi,740,1485,200.7,Severe,0,745,1129,356,Blocked_Multiple_FIRs,
UTP-2026-0129,DEWE01-835381-2025,PRIS-DL-01,Tihar Central Prison No. 4,Delhi,West Delhi,740,1485,200.7,Severe,0,745,1129,356,Ineligible_Under_Time,
UTP-2026-0130,DEWE01-903506-2025,PRIS-DL-01,Tihar Central Prison No. 4,Delhi,West Delhi,740,1485,200.7,Severe,0,745,1129,356,Ineligible_Under_Time,
UTP-2026-0131,DEWE01-414922-2024,PRIS-DL-01,Tihar Central Prison No. 4,Delhi,West Delhi,740,1485,200.7,Severe,0,745,1129,356,Eligible,
UTP-2026-0132,DEWE01-956835-2026,PRIS-DL-01,Tihar Central Prison No. 4,Delhi,West Delhi,740,1485,200.7,Severe,0,745,1129,356,Ineligible_Under_Time,
UTP-2026-0133,DEWE01-236708-2024,PRIS-DL-01,Tihar Central Prison No. 4,Delhi,West Delhi,740,1485,200.7,Severe,0,745,1129,356,Ineligible_Under_Time,
UTP-2026-0134,DEWE01-157187-2024,PRIS-DL-01,Tihar Central Prison No. 4,Delhi,West Delhi,740,1485,200.7,Severe,0,745,1129,356,Blocked_Multiple_FIRs,
UTP-2026-0135,DEWE01-780956-2026,PRIS-DL-01,Tihar Central Prison No. 4,Delhi,West Delhi,740,1485,200.7,Severe,0,745,1129,356,Eligible,Court hearing pending
UTP-2026-0136,DEWE01-458388-2026,PRIS-DL-01,Tihar Central Prison No. 4,Delhi,West Delhi,740,1485,200.7,Severe,0,745,1129,356,Excluded_Life_Or_Death,
UTP-2026-0137,DEWE01-130915-2025,PRIS-DL-01,Tihar Central Prison No. 4,Delhi,West Delhi,740,1485,200.7,Severe,0,745,1129,356,Eligible,
UTP-2026-0138,DEWE01-878427-2024,PRIS-DL-01,Tihar Central Prison No. 4,Delhi,West Delhi,740,1485,200.7,Severe,0,745,1129,356,Blocked_Multiple_FIRs,
UTP-2026-0139,DEWE01-583757-2024,PRIS-DL-01,Tihar Central Prison No. 4,Delhi,West Delhi,740,1485,200.7,Severe,0,745,1129,356,Blocked_Multiple_FIRs,
UTP-2026-0140,DEWE01-636521-2024,PRIS-DL-01,Tihar Central Prison No. 4,Delhi,West Delhi,740,1485,200.7,Severe,0,745,1129,356,Ineligible_Under_Time,
UTP-2026-0141,DEWE01-106892-2024,PRIS-DL-01,Tihar Central Prison No. 4,Delhi,West Delhi,740,1485,200.7,Severe,0,745,1129,356,Approaching,Court hearing pending
UTP-2026-0142,DEWE01-387748-2025,PRIS-DL-01,Tihar Central Prison No. 4,Delhi,West Delhi,740,1485,200.7,Severe,0,745,1129,356,Ineligible_Under_Time,
UTP-2026-0143,DEWE01-534773-2026,PRIS-DL-01,Tihar Central Prison No. 4,Delhi,West Delhi,740,1485,200.7,Severe,0,745,1129,356,Ineligible_Under_Time,
UTP-2026-0144,DEWE01-878656-2023,PRIS-DL-01,Tihar Central Prison No. 4,Delhi,West Delhi,740,1485,200.7,Severe,0,745,1129,356,Ineligible_Under_Time,
UTP-2026-0145,DEWE01-915572-2024,PRIS-DL-01,Tihar Central Prison No. 4,Delhi,West Delhi,740,1485,200.7,Severe,0,745,1129,356,Ineligible_Under_Time,
UTP-2026-0146,DEWE01-436467-2024,PRIS-DL-01,Tihar Central Prison No. 4,Delhi,West Delhi,740,1485,200.7,Severe,0,745,1129,356,Ineligible_Under_Time,
UTP-2026-0147,DEWE01-721549-2026,PRIS-DL-01,Tihar Central Prison No. 4,Delhi,West Delhi,740,1485,200.7,Severe,0,745,1129,356,Blocked_Multiple_FIRs,
UTP-2026-0148,DEWE01-465549-2024,PRIS-DL-01,Tihar Central Prison No. 4,Delhi,West Delhi,740,1485,200.7,Severe,0,745,1129,356,Ineligible_Under_Time,
UTP-2026-0149,DEWE01-727320-2023,PRIS-DL-01,Tihar Central Prison No. 4,Delhi,West Delhi,740,1485,200.7,Severe,0,745,1129,356,Ineligible_Under_Time,
UTP-2026-0150,DEWE01-837520-2025,PRIS-DL-01,Tihar Central Prison No. 4,Delhi,West Delhi,740,1485,200.7,Severe,0,745,1129,356,Blocked_Multiple_FIRs,
UTP-2026-0151,DEWE01-753523-2024,PRIS-DL-01,Tihar Central Prison No. 4,Delhi,West Delhi,740,1485,200.7,Severe,0,745,1129,356,Eligible,
UTP-2026-0152,DEWE01-155337-2025,PRIS-DL-01,Tihar Central Prison No. 4,Delhi,West Delhi,740,1485,200.7,Severe,0,745,1129,356,Ineligible_Under_Time,
UTP-2026-0153,DEWE01-568349-2025,PRIS-DL-01,Tihar Central Prison No. 4,Delhi,West Delhi,740,1485,200.7,Severe,0,745,1129,356,Ineligible_Under_Time,
UTP-2026-0154,DEWE01-656208-2026,PRIS-DL-01,Tihar Central Prison No. 4,Delhi,West Delhi,740,1485,200.7,Severe,0,745,1129,356,Ineligible_Under_Time,
UTP-2026-0155,DEWE01-567604-2025,PRIS-DL-01,Tihar Central Prison No. 4,Delhi,West Delhi,740,1485,200.7,Severe,0,745,1129,356,Ineligible_Under_Time,
UTP-2026-0156,DEWE01-952283-2025,PRIS-DL-01,Tihar Central Prison No. 4,Delhi,West Delhi,740,1485,200.7,Severe,0,745,1129,356,Eligible,Court hearing pending
UTP-2026-0157,DEWE01-863119-2023,PRIS-DL-01,Tihar Central Prison No. 4,Delhi,West Delhi,740,1485,200.7,Severe,0,745,1129,356,Blocked_Multiple_FIRs,
UTP-2026-0158,DEWE01-721748-2024,PRIS-DL-01,Tihar Central Prison No. 4,Delhi,West Delhi,740,1485,200.7,Severe,0,745,1129,356,Ineligible_Under_Time,
UTP-2026-0159,DEWE01-422266-2023,PRIS-DL-01,Tihar Central Prison No. 4,Delhi,West Delhi,740,1485,200.7,Severe,0,745,1129,356,Blocked_Multiple_FIRs,
UTP-2026-0160,DEWE01-494401-2024,PRIS-DL-01,Tihar Central Prison No. 4,Delhi,West Delhi,740,1485,200.7,Severe,0,745,1129,356,Ineligible_Under_Time,
UTP-2026-0161,DEWE01-632195-2024,PRIS-DL-01,Tihar Central Prison No. 4,Delhi,West Delhi,740,1485,200.7,Severe,0,745,1129,356,Ineligible_Under_Time,
UTP-2026-0162,DEWE01-341238-2023,PRIS-DL-01,Tihar Central Prison No. 4,Delhi,West Delhi,740,1485,200.7,Severe,0,745,1129,356,Ineligible_Under_Time,
UTP-2026-0163,DEWE01-679606-2024,PRIS-DL-01,Tihar Central Prison No. 4,Delhi,West Delhi,740,1485,200.7,Severe,0,745,1129,356,Eligible,Surety pending
UTP-2026-0164,DEWE01-269662-2026,PRIS-DL-01,Tihar Central Prison No. 4,Delhi,West Delhi,740,1485,200.7,Severe,0,745,1129,356,Ineligible_Under_Time,
UTP-2026-0165,DEWE01-839113-2023,PRIS-DL-01,Tihar Central Prison No. 4,Delhi,West Delhi,740,1485,200.7,Severe,0,745,1129,356,Ineligible_Under_Time,
UTP-2026-0166,DEWE01-191549-2023,PRIS-DL-01,Tihar Central Prison No. 4,Delhi,West Delhi,740,1485,200.7,Severe,0,745,1129,356,Eligible,Surety pending
UTP-2026-0167,DEWE01-337798-2026,PRIS-DL-01,Tihar Central Prison No. 4,Delhi,West Delhi,740,1485,200.7,Severe,0,745,1129,356,Ineligible_Under_Time,
UTP-2026-0168,DEWE01-435772-2024,PRIS-DL-01,Tihar Central Prison No. 4,Delhi,West Delhi,740,1485,200.7,Severe,0,745,1129,356,Ineligible_Under_Time,
UTP-2026-0169,DEWE01-809952-2023,PRIS-DL-01,Tihar Central Prison No. 4,Delhi,West Delhi,740,1485,200.7,Severe,0,745,1129,356,Ineligible_Under_Time,
UTP-2026-0170,DEWE01-719371-2026,PRIS-DL-01,Tihar Central Prison No. 4,Delhi,West Delhi,740,1485,200.7,Severe,0,745,1129,356,Ineligible_Under_Time,
UTP-2026-0171,DEWE01-169966-2025,PRIS-DL-01,Tihar Central Prison No. 4,Delhi,West Delhi,740,1485,200.7,Severe,0,745,1129,356,Blocked_Multiple_FIRs,
UTP-2026-0172,DEWE01-966985-2025,PRIS-DL-01,Tihar Central Prison No. 4,Delhi,West Delhi,740,1485,200.7,Severe,0,745,1129,356,Ineligible_Under_Time,
UTP-2026-0173,DEWE01-130156-2023,PRIS-DL-01,Tihar Central Prison No. 4,Delhi,West Delhi,740,1485,200.7,Severe,0,745,1129,356,Ineligible_Under_Time,
UTP-2026-0174,DEWE01-707913-2025,PRIS-DL-01,Tihar Central Prison No. 4,Delhi,West Delhi,740,1485,200.7,Severe,0,745,1129,356,Approaching,Court hearing pending
UTP-2026-0175,DEWE01-838963-2025,PRIS-DL-01,Tihar Central Prison No. 4,Delhi,West Delhi,740,1485,200.7,Severe,0,745,1129,356,Ineligible_Under_Time,
UTP-2026-0176,DEWE01-545334-2026,PRIS-DL-01,Tihar Central Prison No. 4,Delhi,West Delhi,740,1485,200.7,Severe,0,745,1129,356,Ineligible_Under_Time,
UTP-2026-0177,DEWE01-588659-2024,PRIS-DL-01,Tihar Central Prison No. 4,Delhi,West Delhi,740,1485,200.7,Severe,0,745,1129,356,Ineligible_Under_Time,
UTP-2026-0178,DEWE01-631297-2023,PRIS-DL-01,Tihar Central Prison No. 4,Delhi,West Delhi,740,1485,200.7,Severe,0,745,1129,356,Ineligible_Under_Time,
UTP-2026-0179,DEWE01-121393-2026,PRIS-DL-01,Tihar Central Prison No. 4,Delhi,West Delhi,740,1485,200.7,Severe,0,745,1129,356,Ineligible_Under_Time,
UTP-2026-0180,DEWE01-319927-2025,PRIS-DL-01,Tihar Central Prison No. 4,Delhi,West Delhi,740,1485,200.7,Severe,0,745,1129,356,Ineligible_Under_Time,
UTP-2026-0181,DEWE01-167557-2024,PRIS-DL-01,Tihar Central Prison No. 4,Delhi,West Delhi,740,1485,200.7,Severe,0,745,1129,356,Ineligible_Under_Time,
UTP-2026-0182,DEWE01-526777-2025,PRIS-DL-01,Tihar Central Prison No. 4,Delhi,West Delhi,740,1485,200.7,Severe,0,745,1129,356,Blocked_Multiple_FIRs,
UTP-2026-0183,DEWE01-815903-2024,PRIS-DL-01,Tihar Central Prison No. 4,Delhi,West Delhi,740,1485,200.7,Severe,0,745,1129,356,Blocked_Multiple_FIRs,
UTP-2026-0184,DEWE01-526024-2023,PRIS-DL-01,Tihar Central Prison No. 4,Delhi,West Delhi,740,1485,200.7,Severe,0,745,1129,356,Blocked_Multiple_FIRs,
UTP-2026-0185,DEWE01-848226-2024,PRIS-DL-01,Tihar Central Prison No. 4,Delhi,West Delhi,740,1485,200.7,Severe,0,745,1129,356,Ineligible_Under_Time,
UTP-2026-0186,DEWE01-556297-2026,PRIS-DL-01,Tihar Central Prison No. 4,Delhi,West Delhi,740,1485,200.7,Severe,0,745,1129,356,Ineligible_Under_Time,
UTP-2026-0187,DEWE01-154644-2025,PRIS-DL-01,Tihar Central Prison No. 4,Delhi,West Delhi,740,1485,200.7,Severe,0,745,1129,356,Approaching,Court hearing pending
UTP-2026-0188,DEWE01-396668-2025,PRIS-DL-01,Tihar Central Prison No. 4,Delhi,West Delhi,740,1485,200.7,Severe,0,745,1129,356,Ineligible_Under_Time,
UTP-2026-0189,DEWE01-690607-2024,PRIS-DL-01,Tihar Central Prison No. 4,Delhi,West Delhi,740,1485,200.7,Severe,0,745,1129,356,Ineligible_Under_Time,
UTP-2026-0190,DEWE01-867080-2024,PRIS-DL-01,Tihar Central Prison No. 4,Delhi,West Delhi,740,1485,200.7,Severe,0,745,1129,356,Blocked_Multiple_FIRs,
UTP-2026-0191,DEWE01-194604-2026,PRIS-DL-01,Tihar Central Prison No. 4,Delhi,West Delhi,740,1485,200.7,Severe,0,745,1129,356,Ineligible_Under_Time,
UTP-2026-0192,DEWE01-714012-2023,PRIS-DL-01,Tihar Central Prison No. 4,Delhi,West Delhi,740,1485,200.7,Severe,0,745,1129,356,Ineligible_Under_Time,
UTP-2026-0193,DEWE01-746703-2025,PRIS-DL-01,Tihar Central Prison No. 4,Delhi,West Delhi,740,1485,200.7,Severe,0,745,1129,356,Ineligible_Under_Time,
UTP-2026-0194,DEWE01-450067-2023,PRIS-DL-01,Tihar Central Prison No. 4,Delhi,West Delhi,740,1485,200.7,Severe,0,745,1129,356,Eligible,
UTP-2026-0195,DEWE01-983390-2026,PRIS-DL-01,Tihar Central Prison No. 4,Delhi,West Delhi,740,1485,200.7,Severe,0,745,1129,356,Ineligible_Under_Time,
UTP-2026-0196,DEWE01-689280-2024,PRIS-DL-01,Tihar Central Prison No. 4,Delhi,West Delhi,740,1485,200.7,Severe,0,745,1129,356,Ineligible_Under_Time,
UTP-2026-0197,DEWE01-481405-2025,PRIS-DL-01,Tihar Central Prison No. 4,Delhi,West Delhi,740,1485,200.7,Severe,0,745,1129,356,Eligible,Surety pending
UTP-2026-0198,DEWE01-702466-2023,PRIS-DL-01,Tihar Central Prison No. 4,Delhi,West Delhi,740,1485,200.7,Severe,0,745,1129,356,Blocked_Multiple_FIRs,
UTP-2026-0199,DEWE01-267800-2023,PRIS-DL-01,Tihar Central Prison No. 4,Delhi,West Delhi,740,1485,200.7,Severe,0,745,1129,356,Ineligible_Under_Time,
UTP-2026-0200,DEWE01-253672-2026,PRIS-DL-01,Tihar Central Prison No. 4,Delhi,West Delhi,740,1485,200.7,Severe,0,745,1129,356,Ineligible_Under_Time,
UTP-2026-0201,DEWE01-730823-2026,PRIS-DL-01,Tihar Central Prison No. 4,Delhi,West Delhi,740,1485,200.7,Severe,0,745,1129,356,Ineligible_Under_Time,
UTP-2026-0202,DEWE01-898678-2026,PRIS-DL-01,Tihar Central Prison No. 4,Delhi,West Delhi,740,1485,200.7,Severe,0,745,1129,356,Ineligible_Under_Time,
UTP-2026-0203,DEWE01-707705-2026,PRIS-DL-01,Tihar Central Prison No. 4,Delhi,West Delhi,740,1485,200.7,Severe,0,745,1129,356,Ineligible_Under_Time,
UTP-2026-0204,DEWE01-226842-2023,PRIS-DL-01,Tihar Central Prison No. 4,Delhi,West Delhi,740,1485,200.7,Severe,0,745,1129,356,Ineligible_Under_Time,
UTP-2026-0205,DEWE01-682119-2026,PRIS-DL-01,Tihar Central Prison No. 4,Delhi,West Delhi,740,1485,200.7,Severe,0,745,1129,356,Ineligible_Under_Time,
UTP-2026-0206,DEWE01-374056-2026,PRIS-DL-01,Tihar Central Prison No. 4,Delhi,West Delhi,740,1485,200.7,Severe,0,745,1129,356,Blocked_Multiple_FIRs,
UTP-2026-0207,DEWE01-332281-2023,PRIS-DL-01,Tihar Central Prison No. 4,Delhi,West Delhi,740,1485,200.7,Severe,0,745,1129,356,Excluded_Life_Or_Death,
UTP-2026-0208,DEWE01-697586-2024,PRIS-DL-01,Tihar Central Prison No. 4,Delhi,West Delhi,740,1485,200.7,Severe,0,745,1129,356,Eligible,Court hearing pending
UTP-2026-0209,DEWE01-544407-2023,PRIS-DL-01,Tihar Central Prison No. 4,Delhi,West Delhi,740,1485,200.7,Severe,0,745,1129,356,Ineligible_Under_Time,
UTP-2026-0210,DEWE01-941363-2026,PRIS-DL-01,Tihar Central Prison No. 4,Delhi,West Delhi,740,1485,200.7,Severe,0,745,1129,356,Ineligible_Under_Time,
UTP-2026-0211,DEWE01-859822-2026,PRIS-DL-01,Tihar Central Prison No. 4,Delhi,West Delhi,740,1485,200.7,Severe,0,745,1129,356,Ineligible_Under_Time,
UTP-2026-0212,DEWE01-693595-2025,PRIS-DL-01,Tihar Central Prison No. 4,Delhi,West Delhi,740,1485,200.7,Severe,0,745,1129,356,Approaching,Court hearing pending
UTP-2026-0213,DEWE01-988704-2024,PRIS-DL-01,Tihar Central Prison No. 4,Delhi,West Delhi,740,1485,200.7,Severe,0,745,1129,356,Ineligible_Under_Time,
UTP-2026-0214,DEWE01-298287-2025,PRIS-DL-01,Tihar Central Prison No. 4,Delhi,West Delhi,740,1485,200.7,Severe,0,745,1129,356,Eligible,Surety pending
UTP-2026-0215,DEWE01-495400-2024,PRIS-DL-01,Tihar Central Prison No. 4,Delhi,West Delhi,740,1485,200.7,Severe,0,745,1129,356,Ineligible_Under_Time,
UTP-2026-0216,DEWE01-362168-2025,PRIS-DL-01,Tihar Central Prison No. 4,Delhi,West Delhi,740,1485,200.7,Severe,0,745,1129,356,Ineligible_Under_Time,
UTP-2026-0217,DEWE01-705561-2024,PRIS-DL-01,Tihar Central Prison No. 4,Delhi,West Delhi,740,1485,200.7,Severe,0,745,1129,356,Eligible,
UTP-2026-0218,DEWE01-966621-2026,PRIS-DL-01,Tihar Central Prison No. 4,Delhi,West Delhi,740,1485,200.7,Severe,0,745,1129,356,Eligible,Surety pending
UTP-2026-0219,DEWE01-567383-2023,PRIS-DL-01,Tihar Central Prison No. 4,Delhi,West Delhi,740,1485,200.7,Severe,0,745,1129,356,Ineligible_Under_Time,
UTP-2026-0220,DEWE01-617459-2026,PRIS-DL-01,Tihar Central Prison No. 4,Delhi,West Delhi,740,1485,200.7,Severe,0,745,1129,356,Ineligible_Under_Time,
UTP-2026-0221,DEWE01-230182-2026,PRIS-DL-01,Tihar Central Prison No. 4,Delhi,West Delhi,740,1485,200.7,Severe,0,745,1129,356,Eligible,Court hearing pending
UTP-2026-0222,DEWE01-201295-2024,PRIS-DL-01,Tihar Central Prison No. 4,Delhi,West Delhi,740,1485,200.7,Severe,0,745,1129,356,Eligible,Surety pending
UTP-2026-0223,DEWE01-199346-2025,PRIS-DL-01,Tihar Central Prison No. 4,Delhi,West Delhi,740,1485,200.7,Severe,0,745,1129,356,Blocked_Multiple_FIRs,
UTP-2026-0224,DEWE01-727127-2026,PRIS-DL-01,Tihar Central Prison No. 4,Delhi,West Delhi,740,1485,200.7,Severe,0,745,1129,356,Ineligible_Under_Time,
UTP-2026-0225,DEWE01-181961-2026,PRIS-DL-01,Tihar Central Prison No. 4,Delhi,West Delhi,740,1485,200.7,Severe,0,745,1129,356,Excluded_Life_Or_Death,
UTP-2026-0226,DEWE01-498930-2026,PRIS-DL-01,Tihar Central Prison No. 4,Delhi,West Delhi,740,1485,200.7,Severe,0,745,1129,356,Ineligible_Under_Time,
UTP-2026-0227,DEWE01-830286-2023,PRIS-DL-01,Tihar Central Prison No. 4,Delhi,West Delhi,740,1485,200.7,Severe,0,745,1129,356,Ineligible_Under_Time,
UTP-2026-0228,DEWE01-862998-2023,PRIS-DL-01,Tihar Central Prison No. 4,Delhi,West Delhi,740,1485,200.7,Severe,0,745,1129,356,Ineligible_Under_Time,
UTP-2026-0229,DEWE01-562139-2023,PRIS-DL-01,Tihar Central Prison No. 4,Delhi,West Delhi,740,1485,200.7,Severe,0,745,1129,356,Ineligible_Under_Time,
UTP-2026-0230,DEWE01-446297-2023,PRIS-DL-01,Tihar Central Prison No. 4,Delhi,West Delhi,740,1485,200.7,Severe,0,745,1129,356,Approaching,Court hearing pending
UTP-2026-0231,DEWE01-645316-2023,PRIS-DL-01,Tihar Central Prison No. 4,Delhi,West Delhi,740,1485,200.7,Severe,0,745,1129,356,Eligible,Surety pending
UTP-2026-0232,DEWE01-459898-2026,PRIS-DL-01,Tihar Central Prison No. 4,Delhi,West Delhi,740,1485,200.7,Severe,0,745,1129,356,Excluded_Life_Or_Death,
UTP-2026-0233,DEWE01-644998-2024,PRIS-DL-01,Tihar Central Prison No. 4,Delhi,West Delhi,740,1485,200.7,Severe,0,745,1129,356,Approaching,Court hearing pending
UTP-2026-0234,DEWE01-913735-2024,PRIS-DL-01,Tihar Central Prison No. 4,Delhi,West Delhi,740,1485,200.7,Severe,0,745,1129,356,Eligible,Surety pending
UTP-2026-0235,DEWE01-997729-2023,PRIS-DL-01,Tihar Central Prison No. 4,Delhi,West Delhi,740,1485,200.7,Severe,0,745,1129,356,Blocked_Multiple_FIRs,
UTP-2026-0236,DEWE01-634510-2024,PRIS-DL-01,Tihar Central Prison No. 4,Delhi,West Delhi,740,1485,200.7,Severe,0,745,1129,356,Blocked_Multiple_FIRs,
UTP-2026-0237,DEWE01-689820-2025,PRIS-DL-01,Tihar Central Prison No. 4,Delhi,West Delhi,740,1485,200.7,Severe,0,745,1129,356,Ineligible_Under_Time,
UTP-2026-0238,DEWE01-676558-2025,PRIS-DL-01,Tihar Central Prison No. 4,Delhi,West Delhi,740,1485,200.7,Severe,0,745,1129,356,Blocked_Multiple_FIRs,
UTP-2026-0239,DEWE01-386526-2024,PRIS-DL-01,Tihar Central Prison No. 4,Delhi,West Delhi,740,1485,200.7,Severe,0,745,1129,356,Ineligible_Under_Time,
UTP-2026-0240,DEWE01-841870-2024,PRIS-DL-01,Tihar Central Prison No. 4,Delhi,West Delhi,740,1485,200.7,Severe,0,745,1129,356,Eligible,
UTP-2026-0241,UTGH01-299422-2023,PRIS-UP-01,Dasna District Jail (Ghaziabad),Uttar Pradesh,Ghaziabad,1706,2150,126.0,Severe,0,444,1634,516,Ineligible_Under_Time,
UTP-2026-0242,UTGH01-585550-2026,PRIS-UP-01,Dasna District Jail (Ghaziabad),Uttar Pradesh,Ghaziabad,1706,2150,126.0,Severe,0,444,1634,516,Ineligible_Under_Time,
UTP-2026-0243,UTGH01-843670-2024,PRIS-UP-01,Dasna District Jail (Ghaziabad),Uttar Pradesh,Ghaziabad,1706,2150,126.0,Severe,0,444,1634,516,Ineligible_Under_Time,
UTP-2026-0244,UTGH01-555426-2026,PRIS-UP-01,Dasna District Jail (Ghaziabad),Uttar Pradesh,Ghaziabad,1706,2150,126.0,Severe,0,444,1634,516,Ineligible_Under_Time,
UTP-2026-0245,UTGH01-452508-2026,PRIS-UP-01,Dasna District Jail (Ghaziabad),Uttar Pradesh,Ghaziabad,1706,2150,126.0,Severe,0,444,1634,516,Ineligible_Under_Time,
UTP-2026-0246,UTGH01-489642-2024,PRIS-UP-01,Dasna District Jail (Ghaziabad),Uttar Pradesh,Ghaziabad,1706,2150,126.0,Severe,0,444,1634,516,Eligible,Surety pending
UTP-2026-0247,UTGH01-929303-2023,PRIS-UP-01,Dasna District Jail (Ghaziabad),Uttar Pradesh,Ghaziabad,1706,2150,126.0,Severe,0,444,1634,516,Ineligible_Under_Time,
UTP-2026-0248,UTGH01-349788-2025,PRIS-UP-01,Dasna District Jail (Ghaziabad),Uttar Pradesh,Ghaziabad,1706,2150,126.0,Severe,0,444,1634,516,Blocked_Multiple_FIRs,
UTP-2026-0249,UTGH01-918427-2023,PRIS-UP-01,Dasna District Jail (Ghaziabad),Uttar Pradesh,Ghaziabad,1706,2150,126.0,Severe,0,444,1634,516,Eligible,Surety pending
UTP-2026-0250,UTGH01-243960-2023,PRIS-UP-01,Dasna District Jail (Ghaziabad),Uttar Pradesh,Ghaziabad,1706,2150,126.0,Severe,0,444,1634,516,Ineligible_Under_Time,
UTP-2026-0251,UTGH01-535457-2024,PRIS-UP-01,Dasna District Jail (Ghaziabad),Uttar Pradesh,Ghaziabad,1706,2150,126.0,Severe,0,444,1634,516,Ineligible_Under_Time,
UTP-2026-0252,UTGH01-623502-2025,PRIS-UP-01,Dasna District Jail (Ghaziabad),Uttar Pradesh,Ghaziabad,1706,2150,126.0,Severe,0,444,1634,516,Ineligible_Under_Time,
UTP-2026-0253,UTGH01-658339-2024,PRIS-UP-01,Dasna District Jail (Ghaziabad),Uttar Pradesh,Ghaziabad,1706,2150,126.0,Severe,0,444,1634,516,Ineligible_Under_Time,
UTP-2026-0254,UTGH01-545339-2025,PRIS-UP-01,Dasna District Jail (Ghaziabad),Uttar Pradesh,Ghaziabad,1706,2150,126.0,Severe,0,444,1634,516,Ineligible_Under_Time,
UTP-2026-0255,UTGH01-681074-2025,PRIS-UP-01,Dasna District Jail (Ghaziabad),Uttar Pradesh,Ghaziabad,1706,2150,126.0,Severe,0,444,1634,516,Ineligible_Under_Time,
UTP-2026-0256,UTGH01-111510-2025,PRIS-UP-01,Dasna District Jail (Ghaziabad),Uttar Pradesh,Ghaziabad,1706,2150,126.0,Severe,0,444,1634,516,Ineligible_Under_Time,
UTP-2026-0257,UTGH01-139225-2025,PRIS-UP-01,Dasna District Jail (Ghaziabad),Uttar Pradesh,Ghaziabad,1706,2150,126.0,Severe,0,444,1634,516,Eligible,
UTP-2026-0258,UTGH01-428957-2024,PRIS-UP-01,Dasna District Jail (Ghaziabad),Uttar Pradesh,Ghaziabad,1706,2150,126.0,Severe,0,444,1634,516,Ineligible_Under_Time,
UTP-2026-0259,UTGH01-210412-2025,PRIS-UP-01,Dasna District Jail (Ghaziabad),Uttar Pradesh,Ghaziabad,1706,2150,126.0,Severe,0,444,1634,516,Ineligible_Under_Time,
UTP-2026-0260,UTGH01-479052-2026,PRIS-UP-01,Dasna District Jail (Ghaziabad),Uttar Pradesh,Ghaziabad,1706,2150,126.0,Severe,0,444,1634,516,Ineligible_Under_Time,
UTP-2026-0261,UTGH01-508040-2023,PRIS-UP-01,Dasna District Jail (Ghaziabad),Uttar Pradesh,Ghaziabad,1706,2150,126.0,Severe,0,444,1634,516,Ineligible_Under_Time,
UTP-2026-0262,UTGH01-319952-2024,PRIS-UP-01,Dasna District Jail (Ghaziabad),Uttar Pradesh,Ghaziabad,1706,2150,126.0,Severe,0,444,1634,516,Eligible,Surety pending
UTP-2026-0263,UTGH01-204545-2026,PRIS-UP-01,Dasna District Jail (Ghaziabad),Uttar Pradesh,Ghaziabad,1706,2150,126.0,Severe,0,444,1634,516,Blocked_Multiple_FIRs,
UTP-2026-0264,UTGH01-510373-2024,PRIS-UP-01,Dasna District Jail (Ghaziabad),Uttar Pradesh,Ghaziabad,1706,2150,126.0,Severe,0,444,1634,516,Blocked_Multiple_FIRs,
UTP-2026-0265,UTGH01-878399-2024,PRIS-UP-01,Dasna District Jail (Ghaziabad),Uttar Pradesh,Ghaziabad,1706,2150,126.0,Severe,0,444,1634,516,Ineligible_Under_Time,
UTP-2026-0266,UTGH01-180019-2024,PRIS-UP-01,Dasna District Jail (Ghaziabad),Uttar Pradesh,Ghaziabad,1706,2150,126.0,Severe,0,444,1634,516,Eligible,
UTP-2026-0267,UTGH01-783592-2025,PRIS-UP-01,Dasna District Jail (Ghaziabad),Uttar Pradesh,Ghaziabad,1706,2150,126.0,Severe,0,444,1634,516,Ineligible_Under_Time,
UTP-2026-0268,UTGH01-776434-2025,PRIS-UP-01,Dasna District Jail (Ghaziabad),Uttar Pradesh,Ghaziabad,1706,2150,126.0,Severe,0,444,1634,516,Ineligible_Under_Time,
UTP-2026-0269,UTGH01-387745-2026,PRIS-UP-01,Dasna District Jail (Ghaziabad),Uttar Pradesh,Ghaziabad,1706,2150,126.0,Severe,0,444,1634,516,Ineligible_Under_Time,
UTP-2026-0270,UTGH01-227310-2025,PRIS-UP-01,Dasna District Jail (Ghaziabad),Uttar Pradesh,Ghaziabad,1706,2150,126.0,Severe,0,444,1634,516,Ineligible_Under_Time,
UTP-2026-0271,UTGH01-352207-2026,PRIS-UP-01,Dasna District Jail (Ghaziabad),Uttar Pradesh,Ghaziabad,1706,2150,126.0,Severe,0,444,1634,516,Eligible,
UTP-2026-0272,UTGH01-171973-2025,PRIS-UP-01,Dasna District Jail (Ghaziabad),Uttar Pradesh,Ghaziabad,1706,2150,126.0,Severe,0,444,1634,516,Eligible,
UTP-2026-0273,UTGH01-814248-2023,PRIS-UP-01,Dasna District Jail (Ghaziabad),Uttar Pradesh,Ghaziabad,1706,2150,126.0,Severe,0,444,1634,516,Ineligible_Under_Time,
UTP-2026-0274,UTGH01-597654-2026,PRIS-UP-01,Dasna District Jail (Ghaziabad),Uttar Pradesh,Ghaziabad,1706,2150,126.0,Severe,0,444,1634,516,Blocked_Multiple_FIRs,
UTP-2026-0275,UTGH01-642985-2026,PRIS-UP-01,Dasna District Jail (Ghaziabad),Uttar Pradesh,Ghaziabad,1706,2150,126.0,Severe,0,444,1634,516,Ineligible_Under_Time,
UTP-2026-0276,UTGH01-554515-2026,PRIS-UP-01,Dasna District Jail (Ghaziabad),Uttar Pradesh,Ghaziabad,1706,2150,126.0,Severe,0,444,1634,516,Blocked_Multiple_FIRs,
UTP-2026-0277,UTGH01-383816-2024,PRIS-UP-01,Dasna District Jail (Ghaziabad),Uttar Pradesh,Ghaziabad,1706,2150,126.0,Severe,0,444,1634,516,Blocked_Multiple_FIRs,
UTP-2026-0278,UTGH01-628288-2025,PRIS-UP-01,Dasna District Jail (Ghaziabad),Uttar Pradesh,Ghaziabad,1706,2150,126.0,Severe,0,444,1634,516,Eligible,
UTP-2026-0279,UTGH01-635634-2023,PRIS-UP-01,Dasna District Jail (Ghaziabad),Uttar Pradesh,Ghaziabad,1706,2150,126.0,Severe,0,444,1634,516,Eligible,
UTP-2026-0280,UTGH01-229180-2026,PRIS-UP-01,Dasna District Jail (Ghaziabad),Uttar Pradesh,Ghaziabad,1706,2150,126.0,Severe,0,444,1634,516,Ineligible_Under_Time,
UTP-2026-0281,UTGH01-266004-2025,PRIS-UP-01,Dasna District Jail (Ghaziabad),Uttar Pradesh,Ghaziabad,1706,2150,126.0,Severe,0,444,1634,516,Ineligible_Under_Time,
UTP-2026-0282,UTGH01-599555-2025,PRIS-UP-01,Dasna District Jail (Ghaziabad),Uttar Pradesh,Ghaziabad,1706,2150,126.0,Severe,0,444,1634,516,Blocked_Multiple_FIRs,
UTP-2026-0283,UTGH01-928379-2024,PRIS-UP-01,Dasna District Jail (Ghaziabad),Uttar Pradesh,Ghaziabad,1706,2150,126.0,Severe,0,444,1634,516,Ineligible_Under_Time,
UTP-2026-0284,UTGH01-123637-2024,PRIS-UP-01,Dasna District Jail (Ghaziabad),Uttar Pradesh,Ghaziabad,1706,2150,126.0,Severe,0,444,1634,516,Approaching,Court hearing pending
UTP-2026-0285,UTGH01-617530-2023,PRIS-UP-01,Dasna District Jail (Ghaziabad),Uttar Pradesh,Ghaziabad,1706,2150,126.0,Severe,0,444,1634,516,Excluded_Life_Or_Death,
UTP-2026-0286,UTGH01-495552-2024,PRIS-UP-01,Dasna District Jail (Ghaziabad),Uttar Pradesh,Ghaziabad,1706,2150,126.0,Severe,0,444,1634,516,Ineligible_Under_Time,
UTP-2026-0287,UTGH01-228320-2023,PRIS-UP-01,Dasna District Jail (Ghaziabad),Uttar Pradesh,Ghaziabad,1706,2150,126.0,Severe,0,444,1634,516,Eligible,Court hearing pending
UTP-2026-0288,UTGH01-901313-2026,PRIS-UP-01,Dasna District Jail (Ghaziabad),Uttar Pradesh,Ghaziabad,1706,2150,126.0,Severe,0,444,1634,516,Blocked_Multiple_FIRs,
UTP-2026-0289,UTGH01-751721-2026,PRIS-UP-01,Dasna District Jail (Ghaziabad),Uttar Pradesh,Ghaziabad,1706,2150,126.0,Severe,0,444,1634,516,Blocked_Multiple_FIRs,
UTP-2026-0290,UTGH01-909043-2023,PRIS-UP-01,Dasna District Jail (Ghaziabad),Uttar Pradesh,Ghaziabad,1706,2150,126.0,Severe,0,444,1634,516,Ineligible_Under_Time,
UTP-2026-0291,UTGH01-708059-2025,PRIS-UP-01,Dasna District Jail (Ghaziabad),Uttar Pradesh,Ghaziabad,1706,2150,126.0,Severe,0,444,1634,516,Eligible,Surety pending
UTP-2026-0292,UTGH01-719946-2023,PRIS-UP-01,Dasna District Jail (Ghaziabad),Uttar Pradesh,Ghaziabad,1706,2150,126.0,Severe,0,444,1634,516,Blocked_Multiple_FIRs,
UTP-2026-0293,UTGH01-479547-2024,PRIS-UP-01,Dasna District Jail (Ghaziabad),Uttar Pradesh,Ghaziabad,1706,2150,126.0,Severe,0,444,1634,516,Blocked_Multiple_FIRs,
UTP-2026-0294,UTGH01-910176-2024,PRIS-UP-01,Dasna District Jail (Ghaziabad),Uttar Pradesh,Ghaziabad,1706,2150,126.0,Severe,0,444,1634,516,Ineligible_Under_Time,
UTP-2026-0295,UTGH01-975356-2026,PRIS-UP-01,Dasna District Jail (Ghaziabad),Uttar Pradesh,Ghaziabad,1706,2150,126.0,Severe,0,444,1634,516,Ineligible_Under_Time,
UTP-2026-0296,UTGH01-866493-2024,PRIS-UP-01,Dasna District Jail (Ghaziabad),Uttar Pradesh,Ghaziabad,1706,2150,126.0,Severe,0,444,1634,516,Ineligible_Under_Time,
UTP-2026-0297,UTGH01-985778-2023,PRIS-UP-01,Dasna District Jail (Ghaziabad),Uttar Pradesh,Ghaziabad,1706,2150,126.0,Severe,0,444,1634,516,Ineligible_Under_Time,
UTP-2026-0298,UTGH01-330906-2024,PRIS-UP-01,Dasna District Jail (Ghaziabad),Uttar Pradesh,Ghaziabad,1706,2150,126.0,Severe,0,444,1634,516,Ineligible_Under_Time,
UTP-2026-0299,UTGH01-604322-2025,PRIS-UP-01,Dasna District Jail (Ghaziabad),Uttar Pradesh,Ghaziabad,1706,2150,126.0,Severe,0,444,1634,516,Blocked_Multiple_FIRs,
UTP-2026-0300,UTGH01-767173-2023,PRIS-UP-01,Dasna District Jail (Ghaziabad),Uttar Pradesh,Ghaziabad,1706,2150,126.0,Severe,0,444,1634,516,Eligible,Surety pending
UTP-2026-0301,UTGH01-517267-2026,PRIS-UP-01,Dasna District Jail (Ghaziabad),Uttar Pradesh,Ghaziabad,1706,2150,126.0,Severe,0,444,1634,516,Excluded_Life_Or_Death,
UTP-2026-0302,UTGH01-377107-2026,PRIS-UP-01,Dasna District Jail (Ghaziabad),Uttar Pradesh,Ghaziabad,1706,2150,126.0,Severe,0,444,1634,516,Eligible,
UTP-2026-0303,UTGH01-617386-2025,PRIS-UP-01,Dasna District Jail (Ghaziabad),Uttar Pradesh,Ghaziabad,1706,2150,126.0,Severe,0,444,1634,516,Ineligible_Under_Time,
UTP-2026-0304,UTGH01-650071-2026,PRIS-UP-01,Dasna District Jail (Ghaziabad),Uttar Pradesh,Ghaziabad,1706,2150,126.0,Severe,0,444,1634,516,Ineligible_Under_Time,
UTP-2026-0305,UTGH01-308947-2023,PRIS-UP-01,Dasna District Jail (Ghaziabad),Uttar Pradesh,Ghaziabad,1706,2150,126.0,Severe,0,444,1634,516,Ineligible_Under_Time,
UTP-2026-0306,UTGH01-390704-2026,PRIS-UP-01,Dasna District Jail (Ghaziabad),Uttar Pradesh,Ghaziabad,1706,2150,126.0,Severe,0,444,1634,516,Ineligible_Under_Time,
UTP-2026-0307,UTGH01-558482-2026,PRIS-UP-01,Dasna District Jail (Ghaziabad),Uttar Pradesh,Ghaziabad,1706,2150,126.0,Severe,0,444,1634,516,Ineligible_Under_Time,
UTP-2026-0308,UTGH01-963319-2023,PRIS-UP-01,Dasna District Jail (Ghaziabad),Uttar Pradesh,Ghaziabad,1706,2150,126.0,Severe,0,444,1634,516,Eligible,
UTP-2026-0309,UTGH01-522757-2026,PRIS-UP-01,Dasna District Jail (Ghaziabad),Uttar Pradesh,Ghaziabad,1706,2150,126.0,Severe,0,444,1634,516,Blocked_Multiple_FIRs,
UTP-2026-0310,UTGH01-422733-2024,PRIS-UP-01,Dasna District Jail (Ghaziabad),Uttar Pradesh,Ghaziabad,1706,2150,126.0,Severe,0,444,1634,516,Ineligible_Under_Time,
UTP-2026-0311,UTGH01-320958-2025,PRIS-UP-01,Dasna District Jail (Ghaziabad),Uttar Pradesh,Ghaziabad,1706,2150,126.0,Severe,0,444,1634,516,Ineligible_Under_Time,
UTP-2026-0312,UTGH01-730133-2025,PRIS-UP-01,Dasna District Jail (Ghaziabad),Uttar Pradesh,Ghaziabad,1706,2150,126.0,Severe,0,444,1634,516,Eligible,Surety pending
UTP-2026-0313,UTGH01-347656-2024,PRIS-UP-01,Dasna District Jail (Ghaziabad),Uttar Pradesh,Ghaziabad,1706,2150,126.0,Severe,0,444,1634,516,Ineligible_Under_Time,
UTP-2026-0314,UTGH01-740225-2026,PRIS-UP-01,Dasna District Jail (Ghaziabad),Uttar Pradesh,Ghaziabad,1706,2150,126.0,Severe,0,444,1634,516,Ineligible_Under_Time,
UTP-2026-0315,UTGH01-417670-2026,PRIS-UP-01,Dasna District Jail (Ghaziabad),Uttar Pradesh,Ghaziabad,1706,2150,126.0,Severe,0,444,1634,516,Ineligible_Under_Time,
UTP-2026-0316,UTGH01-407484-2025,PRIS-UP-01,Dasna District Jail (Ghaziabad),Uttar Pradesh,Ghaziabad,1706,2150,126.0,Severe,0,444,1634,516,Ineligible_Under_Time,
UTP-2026-0317,UTGH01-292864-2025,PRIS-UP-01,Dasna District Jail (Ghaziabad),Uttar Pradesh,Ghaziabad,1706,2150,126.0,Severe,0,444,1634,516,Ineligible_Under_Time,
UTP-2026-0318,UTGH01-118950-2025,PRIS-UP-01,Dasna District Jail (Ghaziabad),Uttar Pradesh,Ghaziabad,1706,2150,126.0,Severe,0,444,1634,516,Ineligible_Under_Time,
UTP-2026-0319,UTGH01-131000-2024,PRIS-UP-01,Dasna District Jail (Ghaziabad),Uttar Pradesh,Ghaziabad,1706,2150,126.0,Severe,0,444,1634,516,Ineligible_Under_Time,
UTP-2026-0320,UTGH01-626704-2026,PRIS-UP-01,Dasna District Jail (Ghaziabad),Uttar Pradesh,Ghaziabad,1706,2150,126.0,Severe,0,444,1634,516,Eligible,
UTP-2026-0321,UTGH01-991613-2024,PRIS-UP-01,Dasna District Jail (Ghaziabad),Uttar Pradesh,Ghaziabad,1706,2150,126.0,Severe,0,444,1634,516,Blocked_Multiple_FIRs,
UTP-2026-0322,UTGH01-660118-2023,PRIS-UP-01,Dasna District Jail (Ghaziabad),Uttar Pradesh,Ghaziabad,1706,2150,126.0,Severe,0,444,1634,516,Ineligible_Under_Time,
UTP-2026-0323,UTGH01-372629-2025,PRIS-UP-01,Dasna District Jail (Ghaziabad),Uttar Pradesh,Ghaziabad,1706,2150,126.0,Severe,0,444,1634,516,Ineligible_Under_Time,
UTP-2026-0324,UTGH01-641922-2026,PRIS-UP-01,Dasna District Jail (Ghaziabad),Uttar Pradesh,Ghaziabad,1706,2150,126.0,Severe,0,444,1634,516,Approaching,Court hearing pending
UTP-2026-0325,UTGH01-134435-2026,PRIS-UP-01,Dasna District Jail (Ghaziabad),Uttar Pradesh,Ghaziabad,1706,2150,126.0,Severe,0,444,1634,516,Ineligible_Under_Time,
UTP-2026-0326,UTGH01-919370-2023,PRIS-UP-01,Dasna District Jail (Ghaziabad),Uttar Pradesh,Ghaziabad,1706,2150,126.0,Severe,0,444,1634,516,Ineligible_Under_Time,
UTP-2026-0327,UTGH01-688528-2025,PRIS-UP-01,Dasna District Jail (Ghaziabad),Uttar Pradesh,Ghaziabad,1706,2150,126.0,Severe,0,444,1634,516,Ineligible_Under_Time,
UTP-2026-0328,UTGH01-641554-2026,PRIS-UP-01,Dasna District Jail (Ghaziabad),Uttar Pradesh,Ghaziabad,1706,2150,126.0,Severe,0,444,1634,516,Eligible,Surety pending
UTP-2026-0329,UTGH01-561481-2025,PRIS-UP-01,Dasna District Jail (Ghaziabad),Uttar Pradesh,Ghaziabad,1706,2150,126.0,Severe,0,444,1634,516,Ineligible_Under_Time,
UTP-2026-0330,UTGH01-700554-2025,PRIS-UP-01,Dasna District Jail (Ghaziabad),Uttar Pradesh,Ghaziabad,1706,2150,126.0,Severe,0,444,1634,516,Eligible,Surety pending
UTP-2026-0331,UTGH01-442957-2026,PRIS-UP-01,Dasna District Jail (Ghaziabad),Uttar Pradesh,Ghaziabad,1706,2150,126.0,Severe,0,444,1634,516,Eligible,Court hearing pending
UTP-2026-0332,UTGH01-336170-2025,PRIS-UP-01,Dasna District Jail (Ghaziabad),Uttar Pradesh,Ghaziabad,1706,2150,126.0,Severe,0,444,1634,516,Blocked_Multiple_FIRs,
UTP-2026-0333,UTGH01-560996-2023,PRIS-UP-01,Dasna District Jail (Ghaziabad),Uttar Pradesh,Ghaziabad,1706,2150,126.0,Severe,0,444,1634,516,Blocked_Multiple_FIRs,
UTP-2026-0334,UTGH01-471910-2025,PRIS-UP-01,Dasna District Jail (Ghaziabad),Uttar Pradesh,Ghaziabad,1706,2150,126.0,Severe,0,444,1634,516,Ineligible_Under_Time,
UTP-2026-0335,UTGH01-214705-2024,PRIS-UP-01,Dasna District Jail (Ghaziabad),Uttar Pradesh,Ghaziabad,1706,2150,126.0,Severe,0,444,1634,516,Approaching,Court hearing pending
UTP-2026-0336,UTGH01-234425-2025,PRIS-UP-01,Dasna District Jail (Ghaziabad),Uttar Pradesh,Ghaziabad,1706,2150,126.0,Severe,0,444,1634,516,Ineligible_Under_Time,
UTP-2026-0337,UTGH01-884267-2026,PRIS-UP-01,Dasna District Jail (Ghaziabad),Uttar Pradesh,Ghaziabad,1706,2150,126.0,Severe,0,444,1634,516,Blocked_Multiple_FIRs,
UTP-2026-0338,UTGH01-669711-2024,PRIS-UP-01,Dasna District Jail (Ghaziabad),Uttar Pradesh,Ghaziabad,1706,2150,126.0,Severe,0,444,1634,516,Ineligible_Under_Time,
UTP-2026-0339,UTGH01-667092-2026,PRIS-UP-01,Dasna District Jail (Ghaziabad),Uttar Pradesh,Ghaziabad,1706,2150,126.0,Severe,0,444,1634,516,Excluded_Life_Or_Death,
UTP-2026-0340,UTGH01-720145-2024,PRIS-UP-01,Dasna District Jail (Ghaziabad),Uttar Pradesh,Ghaziabad,1706,2150,126.0,Severe,0,444,1634,516,Eligible,Surety pending
UTP-2026-0341,UTGH01-713394-2024,PRIS-UP-01,Dasna District Jail (Ghaziabad),Uttar Pradesh,Ghaziabad,1706,2150,126.0,Severe,0,444,1634,516,Ineligible_Under_Time,
UTP-2026-0342,UTGH01-799984-2026,PRIS-UP-01,Dasna District Jail (Ghaziabad),Uttar Pradesh,Ghaziabad,1706,2150,126.0,Severe,0,444,1634,516,Ineligible_Due_To_Accused_Delay,
UTP-2026-0343,UTGH01-460762-2025,PRIS-UP-01,Dasna District Jail (Ghaziabad),Uttar Pradesh,Ghaziabad,1706,2150,126.0,Severe,0,444,1634,516,Ineligible_Under_Time,
UTP-2026-0344,UTGH01-559034-2025,PRIS-UP-01,Dasna District Jail (Ghaziabad),Uttar Pradesh,Ghaziabad,1706,2150,126.0,Severe,0,444,1634,516,Ineligible_Under_Time,
UTP-2026-0345,UTGH01-618513-2024,PRIS-UP-01,Dasna District Jail (Ghaziabad),Uttar Pradesh,Ghaziabad,1706,2150,126.0,Severe,0,444,1634,516,Eligible,
UTP-2026-0346,UTGH01-235019-2023,PRIS-UP-01,Dasna District Jail (Ghaziabad),Uttar Pradesh,Ghaziabad,1706,2150,126.0,Severe,0,444,1634,516,Ineligible_Under_Time,
UTP-2026-0347,UTGH01-838425-2024,PRIS-UP-01,Dasna District Jail (Ghaziabad),Uttar Pradesh,Ghaziabad,1706,2150,126.0,Severe,0,444,1634,516,Eligible,Surety pending
UTP-2026-0348,UTGH01-988422-2025,PRIS-UP-01,Dasna District Jail (Ghaziabad),Uttar Pradesh,Ghaziabad,1706,2150,126.0,Severe,0,444,1634,516,Ineligible_Under_Time,
UTP-2026-0349,UTGH01-462018-2023,PRIS-UP-01,Dasna District Jail (Ghaziabad),Uttar Pradesh,Ghaziabad,1706,2150,126.0,Severe,0,444,1634,516,Eligible,Court hearing pending
UTP-2026-0350,UTGH01-603760-2023,PRIS-UP-01,Dasna District Jail (Ghaziabad),Uttar Pradesh,Ghaziabad,1706,2150,126.0,Severe,0,444,1634,516,Ineligible_Under_Time,
UTP-2026-0351,UTGH01-875167-2023,PRIS-UP-01,Dasna District Jail (Ghaziabad),Uttar Pradesh,Ghaziabad,1706,2150,126.0,Severe,0,444,1634,516,Ineligible_Under_Time,
UTP-2026-0352,UTGH01-489843-2026,PRIS-UP-01,Dasna District Jail (Ghaziabad),Uttar Pradesh,Ghaziabad,1706,2150,126.0,Severe,0,444,1634,516,Ineligible_Under_Time,
UTP-2026-0353,UTGH01-876043-2025,PRIS-UP-01,Dasna District Jail (Ghaziabad),Uttar Pradesh,Ghaziabad,1706,2150,126.0,Severe,0,444,1634,516,Approaching,Court hearing pending
UTP-2026-0354,UTGH01-145883-2023,PRIS-UP-01,Dasna District Jail (Ghaziabad),Uttar Pradesh,Ghaziabad,1706,2150,126.0,Severe,0,444,1634,516,Blocked_Multiple_FIRs,
UTP-2026-0355,UTGH01-437281-2025,PRIS-UP-01,Dasna District Jail (Ghaziabad),Uttar Pradesh,Ghaziabad,1706,2150,126.0,Severe,0,444,1634,516,Ineligible_Under_Time,
UTP-2026-0356,UTGH01-282822-2026,PRIS-UP-01,Dasna District Jail (Ghaziabad),Uttar Pradesh,Ghaziabad,1706,2150,126.0,Severe,0,444,1634,516,Ineligible_Under_Time,
UTP-2026-0357,UTGH01-901087-2026,PRIS-UP-01,Dasna District Jail (Ghaziabad),Uttar Pradesh,Ghaziabad,1706,2150,126.0,Severe,0,444,1634,516,Excluded_Life_Or_Death,
UTP-2026-0358,UTGH01-258002-2026,PRIS-UP-01,Dasna District Jail (Ghaziabad),Uttar Pradesh,Ghaziabad,1706,2150,126.0,Severe,0,444,1634,516,Blocked_Multiple_FIRs,
UTP-2026-0359,UTGH01-271187-2026,PRIS-UP-01,Dasna District Jail (Ghaziabad),Uttar Pradesh,Ghaziabad,1706,2150,126.0,Severe,0,444,1634,516,Ineligible_Under_Time,
UTP-2026-0360,UTGH01-929389-2024,PRIS-UP-01,Dasna District Jail (Ghaziabad),Uttar Pradesh,Ghaziabad,1706,2150,126.0,Severe,0,444,1634,516,Ineligible_Under_Time,
UTP-2026-0361,MANA01-236996-2023,PRIS-MH-05,Nashik Road Central Prison,Maharashtra,Nashik,3178,2640,83.1,Normal,538,0,2006,634,Ineligible_Under_Time,
UTP-2026-0362,MANA01-110113-2023,PRIS-MH-05,Nashik Road Central Prison,Maharashtra,Nashik,3178,2640,83.1,Normal,538,0,2006,634,Ineligible_Under_Time,
UTP-2026-0363,MANA01-307324-2025,PRIS-MH-05,Nashik Road Central Prison,Maharashtra,Nashik,3178,2640,83.1,Normal,538,0,2006,634,Ineligible_Under_Time,
UTP-2026-0364,MANA01-112581-2023,PRIS-MH-05,Nashik Road Central Prison,Maharashtra,Nashik,3178,2640,83.1,Normal,538,0,2006,634,Blocked_Multiple_FIRs,
UTP-2026-0365,MANA01-499987-2024,PRIS-MH-05,Nashik Road Central Prison,Maharashtra,Nashik,3178,2640,83.1,Normal,538,0,2006,634,Eligible,Surety pending
UTP-2026-0366,MANA01-536569-2026,PRIS-MH-05,Nashik Road Central Prison,Maharashtra,Nashik,3178,2640,83.1,Normal,538,0,2006,634,Excluded_Life_Or_Death,
UTP-2026-0367,MANA01-705258-2025,PRIS-MH-05,Nashik Road Central Prison,Maharashtra,Nashik,3178,2640,83.1,Normal,538,0,2006,634,Blocked_Multiple_FIRs,
UTP-2026-0368,MANA01-689171-2024,PRIS-MH-05,Nashik Road Central Prison,Maharashtra,Nashik,3178,2640,83.1,Normal,538,0,2006,634,Ineligible_Under_Time,
UTP-2026-0369,MANA01-565713-2025,PRIS-MH-05,Nashik Road Central Prison,Maharashtra,Nashik,3178,2640,83.1,Normal,538,0,2006,634,Ineligible_Under_Time,
UTP-2026-0370,MANA01-246707-2024,PRIS-MH-05,Nashik Road Central Prison,Maharashtra,Nashik,3178,2640,83.1,Normal,538,0,2006,634,Blocked_Multiple_FIRs,
UTP-2026-0371,MANA01-244360-2025,PRIS-MH-05,Nashik Road Central Prison,Maharashtra,Nashik,3178,2640,83.1,Normal,538,0,2006,634,Ineligible_Under_Time,
UTP-2026-0372,MANA01-372988-2026,PRIS-MH-05,Nashik Road Central Prison,Maharashtra,Nashik,3178,2640,83.1,Normal,538,0,2006,634,Ineligible_Under_Time,
UTP-2026-0373,MANA01-399203-2024,PRIS-MH-05,Nashik Road Central Prison,Maharashtra,Nashik,3178,2640,83.1,Normal,538,0,2006,634,Blocked_Multiple_FIRs,
UTP-2026-0374,MANA01-115040-2023,PRIS-MH-05,Nashik Road Central Prison,Maharashtra,Nashik,3178,2640,83.1,Normal,538,0,2006,634,Excluded_Life_Or_Death,
UTP-2026-0375,MANA01-102043-2023,PRIS-MH-05,Nashik Road Central Prison,Maharashtra,Nashik,3178,2640,83.1,Normal,538,0,2006,634,Approaching,Court hearing pending
UTP-2026-0376,MANA01-144832-2025,PRIS-MH-05,Nashik Road Central Prison,Maharashtra,Nashik,3178,2640,83.1,Normal,538,0,2006,634,Eligible,Court hearing pending
UTP-2026-0377,MANA01-771580-2026,PRIS-MH-05,Nashik Road Central Prison,Maharashtra,Nashik,3178,2640,83.1,Normal,538,0,2006,634,Blocked_Multiple_FIRs,
UTP-2026-0378,MANA01-549339-2026,PRIS-MH-05,Nashik Road Central Prison,Maharashtra,Nashik,3178,2640,83.1,Normal,538,0,2006,634,Blocked_Multiple_FIRs,
UTP-2026-0379,MANA01-838239-2026,PRIS-MH-05,Nashik Road Central Prison,Maharashtra,Nashik,3178,2640,83.1,Normal,538,0,2006,634,Ineligible_Under_Time,
UTP-2026-0380,MANA01-285211-2026,PRIS-MH-05,Nashik Road Central Prison,Maharashtra,Nashik,3178,2640,83.1,Normal,538,0,2006,634,Eligible,Surety pending
UTP-2026-0381,MANA01-244207-2023,PRIS-MH-05,Nashik Road Central Prison,Maharashtra,Nashik,3178,2640,83.1,Normal,538,0,2006,634,Ineligible_Under_Time,
UTP-2026-0382,MANA01-601508-2026,PRIS-MH-05,Nashik Road Central Prison,Maharashtra,Nashik,3178,2640,83.1,Normal,538,0,2006,634,Ineligible_Under_Time,
UTP-2026-0383,MANA01-634299-2026,PRIS-MH-05,Nashik Road Central Prison,Maharashtra,Nashik,3178,2640,83.1,Normal,538,0,2006,634,Ineligible_Under_Time,
UTP-2026-0384,MANA01-363814-2025,PRIS-MH-05,Nashik Road Central Prison,Maharashtra,Nashik,3178,2640,83.1,Normal,538,0,2006,634,Ineligible_Under_Time,
UTP-2026-0385,MANA01-970726-2025,PRIS-MH-05,Nashik Road Central Prison,Maharashtra,Nashik,3178,2640,83.1,Normal,538,0,2006,634,Blocked_Multiple_FIRs,
UTP-2026-0386,MANA01-478887-2023,PRIS-MH-05,Nashik Road Central Prison,Maharashtra,Nashik,3178,2640,83.1,Normal,538,0,2006,634,Ineligible_Under_Time,
UTP-2026-0387,MANA01-876424-2025,PRIS-MH-05,Nashik Road Central Prison,Maharashtra,Nashik,3178,2640,83.1,Normal,538,0,2006,634,Ineligible_Under_Time,
UTP-2026-0388,MANA01-506743-2026,PRIS-MH-05,Nashik Road Central Prison,Maharashtra,Nashik,3178,2640,83.1,Normal,538,0,2006,634,Approaching,Court hearing pending
UTP-2026-0389,MANA01-382194-2025,PRIS-MH-05,Nashik Road Central Prison,Maharashtra,Nashik,3178,2640,83.1,Normal,538,0,2006,634,Ineligible_Under_Time,
UTP-2026-0390,MANA01-877094-2024,PRIS-MH-05,Nashik Road Central Prison,Maharashtra,Nashik,3178,2640,83.1,Normal,538,0,2006,634,Blocked_Multiple_FIRs,
UTP-2026-0391,MANA01-701740-2025,PRIS-MH-05,Nashik Road Central Prison,Maharashtra,Nashik,3178,2640,83.1,Normal,538,0,2006,634,Ineligible_Under_Time,
UTP-2026-0392,MANA01-412939-2023,PRIS-MH-05,Nashik Road Central Prison,Maharashtra,Nashik,3178,2640,83.1,Normal,538,0,2006,634,Ineligible_Under_Time,
UTP-2026-0393,MANA01-408230-2025,PRIS-MH-05,Nashik Road Central Prison,Maharashtra,Nashik,3178,2640,83.1,Normal,538,0,2006,634,Blocked_Multiple_FIRs,
UTP-2026-0394,MANA01-170557-2024,PRIS-MH-05,Nashik Road Central Prison,Maharashtra,Nashik,3178,2640,83.1,Normal,538,0,2006,634,Eligible,Surety pending
UTP-2026-0395,MANA01-183854-2026,PRIS-MH-05,Nashik Road Central Prison,Maharashtra,Nashik,3178,2640,83.1,Normal,538,0,2006,634,Excluded_Life_Or_Death,
UTP-2026-0396,MANA01-964098-2024,PRIS-MH-05,Nashik Road Central Prison,Maharashtra,Nashik,3178,2640,83.1,Normal,538,0,2006,634,Eligible,
UTP-2026-0397,MANA01-990712-2024,PRIS-MH-05,Nashik Road Central Prison,Maharashtra,Nashik,3178,2640,83.1,Normal,538,0,2006,634,Blocked_Multiple_FIRs,
UTP-2026-0398,MANA01-446178-2023,PRIS-MH-05,Nashik Road Central Prison,Maharashtra,Nashik,3178,2640,83.1,Normal,538,0,2006,634,Ineligible_Under_Time,
UTP-2026-0399,MANA01-954209-2026,PRIS-MH-05,Nashik Road Central Prison,Maharashtra,Nashik,3178,2640,83.1,Normal,538,0,2006,634,Eligible,Court hearing pending
UTP-2026-0400,MANA01-300790-2025,PRIS-MH-05,Nashik Road Central Prison,Maharashtra,Nashik,3178,2640,83.1,Normal,538,0,2006,634,Blocked_Multiple_FIRs,
UTP-2026-0401,MANA01-109673-2025,PRIS-MH-05,Nashik Road Central Prison,Maharashtra,Nashik,3178,2640,83.1,Normal,538,0,2006,634,Ineligible_Under_Time,
UTP-2026-0402,MANA01-738331-2024,PRIS-MH-05,Nashik Road Central Prison,Maharashtra,Nashik,3178,2640,83.1,Normal,538,0,2006,634,Ineligible_Under_Time,
UTP-2026-0403,MANA01-787973-2024,PRIS-MH-05,Nashik Road Central Prison,Maharashtra,Nashik,3178,2640,83.1,Normal,538,0,2006,634,Eligible,Surety pending
UTP-2026-0404,MANA01-391819-2023,PRIS-MH-05,Nashik Road Central Prison,Maharashtra,Nashik,3178,2640,83.1,Normal,538,0,2006,634,Ineligible_Under_Time,
UTP-2026-0405,MANA01-788941-2026,PRIS-MH-05,Nashik Road Central Prison,Maharashtra,Nashik,3178,2640,83.1,Normal,538,0,2006,634,Ineligible_Under_Time,
UTP-2026-0406,MANA01-157580-2025,PRIS-MH-05,Nashik Road Central Prison,Maharashtra,Nashik,3178,2640,83.1,Normal,538,0,2006,634,Blocked_Multiple_FIRs,
UTP-2026-0407,MANA01-891507-2023,PRIS-MH-05,Nashik Road Central Prison,Maharashtra,Nashik,3178,2640,83.1,Normal,538,0,2006,634,Ineligible_Under_Time,
UTP-2026-0408,MANA01-842561-2024,PRIS-MH-05,Nashik Road Central Prison,Maharashtra,Nashik,3178,2640,83.1,Normal,538,0,2006,634,Blocked_Multiple_FIRs,
UTP-2026-0409,MANA01-365222-2024,PRIS-MH-05,Nashik Road Central Prison,Maharashtra,Nashik,3178,2640,83.1,Normal,538,0,2006,634,Ineligible_Under_Time,
UTP-2026-0410,MANA01-470334-2024,PRIS-MH-05,Nashik Road Central Prison,Maharashtra,Nashik,3178,2640,83.1,Normal,538,0,2006,634,Blocked_Multiple_FIRs,
UTP-2026-0411,MANA01-239970-2023,PRIS-MH-05,Nashik Road Central Prison,Maharashtra,Nashik,3178,2640,83.1,Normal,538,0,2006,634,Eligible,
UTP-2026-0412,MANA01-385151-2024,PRIS-MH-05,Nashik Road Central Prison,Maharashtra,Nashik,3178,2640,83.1,Normal,538,0,2006,634,Blocked_Multiple_FIRs,
UTP-2026-0413,MANA01-716038-2026,PRIS-MH-05,Nashik Road Central Prison,Maharashtra,Nashik,3178,2640,83.1,Normal,538,0,2006,634,Eligible,
UTP-2026-0414,MANA01-280426-2024,PRIS-MH-05,Nashik Road Central Prison,Maharashtra,Nashik,3178,2640,83.1,Normal,538,0,2006,634,Ineligible_Under_Time,
UTP-2026-0415,MANA01-213707-2026,PRIS-MH-05,Nashik Road Central Prison,Maharashtra,Nashik,3178,2640,83.1,Normal,538,0,2006,634,Eligible,Court hearing pending
UTP-2026-0416,MANA01-340897-2023,PRIS-MH-05,Nashik Road Central Prison,Maharashtra,Nashik,3178,2640,83.1,Normal,538,0,2006,634,Eligible,Court hearing pending
UTP-2026-0417,MANA01-873577-2025,PRIS-MH-05,Nashik Road Central Prison,Maharashtra,Nashik,3178,2640,83.1,Normal,538,0,2006,634,Eligible,Surety pending
UTP-2026-0418,MANA01-729510-2026,PRIS-MH-05,Nashik Road Central Prison,Maharashtra,Nashik,3178,2640,83.1,Normal,538,0,2006,634,Blocked_Multiple_FIRs,
UTP-2026-0419,MANA01-278505-2026,PRIS-MH-05,Nashik Road Central Prison,Maharashtra,Nashik,3178,2640,83.1,Normal,538,0,2006,634,Ineligible_Under_Time,
UTP-2026-0420,MANA01-519124-2025,PRIS-MH-05,Nashik Road Central Prison,Maharashtra,Nashik,3178,2640,83.1,Normal,538,0,2006,634,Ineligible_Under_Time,
UTP-2026-0421,MANA01-340206-2025,PRIS-MH-05,Nashik Road Central Prison,Maharashtra,Nashik,3178,2640,83.1,Normal,538,0,2006,634,Ineligible_Under_Time,
UTP-2026-0422,MANA01-651773-2025,PRIS-MH-05,Nashik Road Central Prison,Maharashtra,Nashik,3178,2640,83.1,Normal,538,0,2006,634,Eligible,Surety pending
UTP-2026-0423,MANA01-855274-2023,PRIS-MH-05,Nashik Road Central Prison,Maharashtra,Nashik,3178,2640,83.1,Normal,538,0,2006,634,Ineligible_Under_Time,
UTP-2026-0424,MANA01-406439-2024,PRIS-MH-05,Nashik Road Central Prison,Maharashtra,Nashik,3178,2640,83.1,Normal,538,0,2006,634,Eligible,Surety pending
UTP-2026-0425,MANA01-148610-2023,PRIS-MH-05,Nashik Road Central Prison,Maharashtra,Nashik,3178,2640,83.1,Normal,538,0,2006,634,Ineligible_Under_Time,
UTP-2026-0426,MANA01-545092-2024,PRIS-MH-05,Nashik Road Central Prison,Maharashtra,Nashik,3178,2640,83.1,Normal,538,0,2006,634,Blocked_Multiple_FIRs,
UTP-2026-0427,MANA01-701974-2024,PRIS-MH-05,Nashik Road Central Prison,Maharashtra,Nashik,3178,2640,83.1,Normal,538,0,2006,634,Ineligible_Under_Time,
UTP-2026-0428,MANA01-930785-2024,PRIS-MH-05,Nashik Road Central Prison,Maharashtra,Nashik,3178,2640,83.1,Normal,538,0,2006,634,Excluded_Life_Or_Death,
UTP-2026-0429,MANA01-479376-2024,PRIS-MH-05,Nashik Road Central Prison,Maharashtra,Nashik,3178,2640,83.1,Normal,538,0,2006,634,Ineligible_Under_Time,
UTP-2026-0430,MANA01-946444-2025,PRIS-MH-05,Nashik Road Central Prison,Maharashtra,Nashik,3178,2640,83.1,Normal,538,0,2006,634,Excluded_Life_Or_Death,
UTP-2026-0431,MANA01-451106-2023,PRIS-MH-05,Nashik Road Central Prison,Maharashtra,Nashik,3178,2640,83.1,Normal,538,0,2006,634,Ineligible_Under_Time,
UTP-2026-0432,MANA01-900028-2026,PRIS-MH-05,Nashik Road Central Prison,Maharashtra,Nashik,3178,2640,83.1,Normal,538,0,2006,634,Excluded_Life_Or_Death,
UTP-2026-0433,MANA01-520806-2023,PRIS-MH-05,Nashik Road Central Prison,Maharashtra,Nashik,3178,2640,83.1,Normal,538,0,2006,634,Ineligible_Under_Time,
UTP-2026-0434,MANA01-145090-2023,PRIS-MH-05,Nashik Road Central Prison,Maharashtra,Nashik,3178,2640,83.1,Normal,538,0,2006,634,Blocked_Multiple_FIRs,
UTP-2026-0435,MANA01-342880-2024,PRIS-MH-05,Nashik Road Central Prison,Maharashtra,Nashik,3178,2640,83.1,Normal,538,0,2006,634,Ineligible_Under_Time,
UTP-2026-0436,MANA01-811717-2025,PRIS-MH-05,Nashik Road Central Prison,Maharashtra,Nashik,3178,2640,83.1,Normal,538,0,2006,634,Ineligible_Under_Time,
UTP-2026-0437,MANA01-854124-2025,PRIS-MH-05,Nashik Road Central Prison,Maharashtra,Nashik,3178,2640,83.1,Normal,538,0,2006,634,Eligible,Surety pending
UTP-2026-0438,MANA01-621379-2024,PRIS-MH-05,Nashik Road Central Prison,Maharashtra,Nashik,3178,2640,83.1,Normal,538,0,2006,634,Ineligible_Under_Time,
UTP-2026-0439,MANA01-513209-2024,PRIS-MH-05,Nashik Road Central Prison,Maharashtra,Nashik,3178,2640,83.1,Normal,538,0,2006,634,Blocked_Multiple_FIRs,
UTP-2026-0440,MANA01-488027-2023,PRIS-MH-05,Nashik Road Central Prison,Maharashtra,Nashik,3178,2640,83.1,Normal,538,0,2006,634,Blocked_Multiple_FIRs,
UTP-2026-0441,MANA01-382207-2023,PRIS-MH-05,Nashik Road Central Prison,Maharashtra,Nashik,3178,2640,83.1,Normal,538,0,2006,634,Ineligible_Due_To_Accused_Delay,
UTP-2026-0442,MANA01-649161-2026,PRIS-MH-05,Nashik Road Central Prison,Maharashtra,Nashik,3178,2640,83.1,Normal,538,0,2006,634,Blocked_Multiple_FIRs,
UTP-2026-0443,MANA01-481377-2025,PRIS-MH-05,Nashik Road Central Prison,Maharashtra,Nashik,3178,2640,83.1,Normal,538,0,2006,634,Ineligible_Under_Time,
UTP-2026-0444,MANA01-290997-2023,PRIS-MH-05,Nashik Road Central Prison,Maharashtra,Nashik,3178,2640,83.1,Normal,538,0,2006,634,Blocked_Multiple_FIRs,
UTP-2026-0445,MANA01-250169-2023,PRIS-MH-05,Nashik Road Central Prison,Maharashtra,Nashik,3178,2640,83.1,Normal,538,0,2006,634,Eligible,
UTP-2026-0446,MANA01-877939-2026,PRIS-MH-05,Nashik Road Central Prison,Maharashtra,Nashik,3178,2640,83.1,Normal,538,0,2006,634,Eligible,Surety pending
UTP-2026-0447,MANA01-417926-2024,PRIS-MH-05,Nashik Road Central Prison,Maharashtra,Nashik,3178,2640,83.1,Normal,538,0,2006,634,Eligible,Surety pending
UTP-2026-0448,MANA01-447193-2024,PRIS-MH-05,Nashik Road Central Prison,Maharashtra,Nashik,3178,2640,83.1,Normal,538,0,2006,634,Blocked_Multiple_FIRs,
UTP-2026-0449,MANA01-490272-2025,PRIS-MH-05,Nashik Road Central Prison,Maharashtra,Nashik,3178,2640,83.1,Normal,538,0,2006,634,Eligible,Court hearing pending
UTP-2026-0450,MANA01-105151-2026,PRIS-MH-05,Nashik Road Central Prison,Maharashtra,Nashik,3178,2640,83.1,Normal,538,0,2006,634,Ineligible_Under_Time,
UTP-2026-0451,MANA01-753235-2024,PRIS-MH-05,Nashik Road Central Prison,Maharashtra,Nashik,3178,2640,83.1,Normal,538,0,2006,634,Ineligible_Under_Time,
UTP-2026-0452,MANA01-466975-2026,PRIS-MH-05,Nashik Road Central Prison,Maharashtra,Nashik,3178,2640,83.1,Normal,538,0,2006,634,Ineligible_Under_Time,
UTP-2026-0453,MANA01-684610-2026,PRIS-MH-05,Nashik Road Central Prison,Maharashtra,Nashik,3178,2640,83.1,Normal,538,0,2006,634,Ineligible_Under_Time,
UTP-2026-0454,MANA01-168034-2025,PRIS-MH-05,Nashik Road Central Prison,Maharashtra,Nashik,3178,2640,83.1,Normal,538,0,2006,634,Excluded_Life_Or_Death,
UTP-2026-0455,MANA01-202161-2025,PRIS-MH-05,Nashik Road Central Prison,Maharashtra,Nashik,3178,2640,83.1,Normal,538,0,2006,634,Eligible,Surety pending
UTP-2026-0456,MANA01-105732-2025,PRIS-MH-05,Nashik Road Central Prison,Maharashtra,Nashik,3178,2640,83.1,Normal,538,0,2006,634,Blocked_Multiple_FIRs,
UTP-2026-0457,MANA01-364573-2023,PRIS-MH-05,Nashik Road Central Prison,Maharashtra,Nashik,3178,2640,83.1,Normal,538,0,2006,634,Ineligible_Under_Time,
UTP-2026-0458,MANA01-500788-2025,PRIS-MH-05,Nashik Road Central Prison,Maharashtra,Nashik,3178,2640,83.1,Normal,538,0,2006,634,Ineligible_Under_Time,
UTP-2026-0459,MANA01-530694-2023,PRIS-MH-05,Nashik Road Central Prison,Maharashtra,Nashik,3178,2640,83.1,Normal,538,0,2006,634,Eligible,
UTP-2026-0460,MANA01-698828-2026,PRIS-MH-05,Nashik Road Central Prison,Maharashtra,Nashik,3178,2640,83.1,Normal,538,0,2006,634,Ineligible_Under_Time,
UTP-2026-0461,MANA01-152455-2025,PRIS-MH-05,Nashik Road Central Prison,Maharashtra,Nashik,3178,2640,83.1,Normal,538,0,2006,634,Ineligible_Under_Time,
UTP-2026-0462,MANA01-575067-2025,PRIS-MH-05,Nashik Road Central Prison,Maharashtra,Nashik,3178,2640,83.1,Normal,538,0,2006,634,Approaching,Court hearing pending
UTP-2026-0463,MANA01-969999-2023,PRIS-MH-05,Nashik Road Central Prison,Maharashtra,Nashik,3178,2640,83.1,Normal,538,0,2006,634,Ineligible_Under_Time,
UTP-2026-0464,MANA01-536617-2026,PRIS-MH-05,Nashik Road Central Prison,Maharashtra,Nashik,3178,2640,83.1,Normal,538,0,2006,634,Ineligible_Under_Time,
UTP-2026-0465,MANA01-830311-2026,PRIS-MH-05,Nashik Road Central Prison,Maharashtra,Nashik,3178,2640,83.1,Normal,538,0,2006,634,Approaching,Court hearing pending
UTP-2026-0466,MANA01-231872-2023,PRIS-MH-05,Nashik Road Central Prison,Maharashtra,Nashik,3178,2640,83.1,Normal,538,0,2006,634,Ineligible_Under_Time,
UTP-2026-0467,MANA01-920528-2025,PRIS-MH-05,Nashik Road Central Prison,Maharashtra,Nashik,3178,2640,83.1,Normal,538,0,2006,634,Excluded_Life_Or_Death,
UTP-2026-0468,MANA01-601601-2026,PRIS-MH-05,Nashik Road Central Prison,Maharashtra,Nashik,3178,2640,83.1,Normal,538,0,2006,634,Ineligible_Under_Time,
UTP-2026-0469,MANA01-931026-2025,PRIS-MH-05,Nashik Road Central Prison,Maharashtra,Nashik,3178,2640,83.1,Normal,538,0,2006,634,Ineligible_Under_Time,
UTP-2026-0470,MANA01-784532-2025,PRIS-MH-05,Nashik Road Central Prison,Maharashtra,Nashik,3178,2640,83.1,Normal,538,0,2006,634,Excluded_Life_Or_Death,
UTP-2026-0471,MANA01-597793-2025,PRIS-MH-05,Nashik Road Central Prison,Maharashtra,Nashik,3178,2640,83.1,Normal,538,0,2006,634,Eligible,Surety pending
UTP-2026-0472,MANA01-476925-2025,PRIS-MH-05,Nashik Road Central Prison,Maharashtra,Nashik,3178,2640,83.1,Normal,538,0,2006,634,Blocked_Multiple_FIRs,
UTP-2026-0473,MANA01-239297-2026,PRIS-MH-05,Nashik Road Central Prison,Maharashtra,Nashik,3178,2640,83.1,Normal,538,0,2006,634,Ineligible_Under_Time,
UTP-2026-0474,MANA01-151774-2024,PRIS-MH-05,Nashik Road Central Prison,Maharashtra,Nashik,3178,2640,83.1,Normal,538,0,2006,634,Ineligible_Under_Time,
UTP-2026-0475,MANA01-189183-2023,PRIS-MH-05,Nashik Road Central Prison,Maharashtra,Nashik,3178,2640,83.1,Normal,538,0,2006,634,Ineligible_Under_Time,
UTP-2026-0476,MANA01-512077-2025,PRIS-MH-05,Nashik Road Central Prison,Maharashtra,Nashik,3178,2640,83.1,Normal,538,0,2006,634,Eligible,
UTP-2026-0477,MANA01-176176-2025,PRIS-MH-05,Nashik Road Central Prison,Maharashtra,Nashik,3178,2640,83.1,Normal,538,0,2006,634,Ineligible_Under_Time,
UTP-2026-0478,MANA01-579113-2025,PRIS-MH-05,Nashik Road Central Prison,Maharashtra,Nashik,3178,2640,83.1,Normal,538,0,2006,634,Ineligible_Under_Time,
UTP-2026-0479,MANA01-103026-2024,PRIS-MH-05,Nashik Road Central Prison,Maharashtra,Nashik,3178,2640,83.1,Normal,538,0,2006,634,Ineligible_Under_Time,
UTP-2026-0480,MANA01-194465-2024,PRIS-MH-05,Nashik Road Central Prison,Maharashtra,Nashik,3178,2640,83.1,Normal,538,0,2006,634,Blocked_Multiple_FIRs,
UTP-2026-0481,MAPU01-813540-2023,PRIS-MH-06,Yerwada Open Prison & Semi-Open Annex,Maharashtra,Pune,1500,865,57.7,Normal,635,0,657,208,Ineligible_Under_Time,
UTP-2026-0482,MAPU01-860587-2023,PRIS-MH-06,Yerwada Open Prison & Semi-Open Annex,Maharashtra,Pune,1500,865,57.7,Normal,635,0,657,208,Ineligible_Under_Time,
UTP-2026-0483,MAPU01-433362-2024,PRIS-MH-06,Yerwada Open Prison & Semi-Open Annex,Maharashtra,Pune,1500,865,57.7,Normal,635,0,657,208,Ineligible_Under_Time,
UTP-2026-0484,MAPU01-187382-2023,PRIS-MH-06,Yerwada Open Prison & Semi-Open Annex,Maharashtra,Pune,1500,865,57.7,Normal,635,0,657,208,Excluded_Life_Or_Death,
UTP-2026-0485,MAPU01-162412-2023,PRIS-MH-06,Yerwada Open Prison & Semi-Open Annex,Maharashtra,Pune,1500,865,57.7,Normal,635,0,657,208,Ineligible_Under_Time,
UTP-2026-0486,MAPU01-511744-2025,PRIS-MH-06,Yerwada Open Prison & Semi-Open Annex,Maharashtra,Pune,1500,865,57.7,Normal,635,0,657,208,Ineligible_Under_Time,
UTP-2026-0487,MAPU01-113682-2023,PRIS-MH-06,Yerwada Open Prison & Semi-Open Annex,Maharashtra,Pune,1500,865,57.7,Normal,635,0,657,208,Blocked_Multiple_FIRs,
UTP-2026-0488,MAPU01-497916-2025,PRIS-MH-06,Yerwada Open Prison & Semi-Open Annex,Maharashtra,Pune,1500,865,57.7,Normal,635,0,657,208,Ineligible_Under_Time,
UTP-2026-0489,MAPU01-511652-2026,PRIS-MH-06,Yerwada Open Prison & Semi-Open Annex,Maharashtra,Pune,1500,865,57.7,Normal,635,0,657,208,Excluded_Life_Or_Death,
UTP-2026-0490,MAPU01-368261-2026,PRIS-MH-06,Yerwada Open Prison & Semi-Open Annex,Maharashtra,Pune,1500,865,57.7,Normal,635,0,657,208,Ineligible_Under_Time,
UTP-2026-0491,MAPU01-428149-2026,PRIS-MH-06,Yerwada Open Prison & Semi-Open Annex,Maharashtra,Pune,1500,865,57.7,Normal,635,0,657,208,Ineligible_Under_Time,
UTP-2026-0492,MAPU01-979422-2024,PRIS-MH-06,Yerwada Open Prison & Semi-Open Annex,Maharashtra,Pune,1500,865,57.7,Normal,635,0,657,208,Ineligible_Under_Time,
UTP-2026-0493,MAPU01-303385-2023,PRIS-MH-06,Yerwada Open Prison & Semi-Open Annex,Maharashtra,Pune,1500,865,57.7,Normal,635,0,657,208,Eligible,Court hearing pending
UTP-2026-0494,MAPU01-376478-2024,PRIS-MH-06,Yerwada Open Prison & Semi-Open Annex,Maharashtra,Pune,1500,865,57.7,Normal,635,0,657,208,Ineligible_Under_Time,
UTP-2026-0495,MAPU01-510534-2024,PRIS-MH-06,Yerwada Open Prison & Semi-Open Annex,Maharashtra,Pune,1500,865,57.7,Normal,635,0,657,208,Ineligible_Under_Time,
UTP-2026-0496,MAPU01-722978-2023,PRIS-MH-06,Yerwada Open Prison & Semi-Open Annex,Maharashtra,Pune,1500,865,57.7,Normal,635,0,657,208,Ineligible_Under_Time,
UTP-2026-0497,MAPU01-916171-2026,PRIS-MH-06,Yerwada Open Prison & Semi-Open Annex,Maharashtra,Pune,1500,865,57.7,Normal,635,0,657,208,Ineligible_Under_Time,
UTP-2026-0498,MAPU01-191790-2025,PRIS-MH-06,Yerwada Open Prison & Semi-Open Annex,Maharashtra,Pune,1500,865,57.7,Normal,635,0,657,208,Excluded_Life_Or_Death,
UTP-2026-0499,MAPU01-423953-2024,PRIS-MH-06,Yerwada Open Prison & Semi-Open Annex,Maharashtra,Pune,1500,865,57.7,Normal,635,0,657,208,Ineligible_Under_Time,
UTP-2026-0500,MAPU01-622248-2023,PRIS-MH-06,Yerwada Open Prison & Semi-Open Annex,Maharashtra,Pune,1500,865,57.7,Normal,635,0,657,208,Ineligible_Under_Time,
UTP-2026-0501,MAPU01-259365-2026,PRIS-MH-06,Yerwada Open Prison & Semi-Open Annex,Maharashtra,Pune,1500,865,57.7,Normal,635,0,657,208,Ineligible_Under_Time,
UTP-2026-0502,MAPU01-491673-2025,PRIS-MH-06,Yerwada Open Prison & Semi-Open Annex,Maharashtra,Pune,1500,865,57.7,Normal,635,0,657,208,Ineligible_Under_Time,
UTP-2026-0503,MAPU01-140448-2023,PRIS-MH-06,Yerwada Open Prison & Semi-Open Annex,Maharashtra,Pune,1500,865,57.7,Normal,635,0,657,208,Ineligible_Under_Time,
UTP-2026-0504,MAPU01-999745-2024,PRIS-MH-06,Yerwada Open Prison & Semi-Open Annex,Maharashtra,Pune,1500,865,57.7,Normal,635,0,657,208,Blocked_Multiple_FIRs,
UTP-2026-0505,MAPU01-282992-2026,PRIS-MH-06,Yerwada Open Prison & Semi-Open Annex,Maharashtra,Pune,1500,865,57.7,Normal,635,0,657,208,Ineligible_Under_Time,
UTP-2026-0506,MAPU01-673698-2026,PRIS-MH-06,Yerwada Open Prison & Semi-Open Annex,Maharashtra,Pune,1500,865,57.7,Normal,635,0,657,208,Eligible,Surety pending
UTP-2026-0507,MAPU01-783707-2026,PRIS-MH-06,Yerwada Open Prison & Semi-Open Annex,Maharashtra,Pune,1500,865,57.7,Normal,635,0,657,208,Ineligible_Under_Time,
UTP-2026-0508,MAPU01-397892-2026,PRIS-MH-06,Yerwada Open Prison & Semi-Open Annex,Maharashtra,Pune,1500,865,57.7,Normal,635,0,657,208,Eligible,Surety pending
UTP-2026-0509,MAPU01-765834-2025,PRIS-MH-06,Yerwada Open Prison & Semi-Open Annex,Maharashtra,Pune,1500,865,57.7,Normal,635,0,657,208,Ineligible_Under_Time,
UTP-2026-0510,MAPU01-843478-2025,PRIS-MH-06,Yerwada Open Prison & Semi-Open Annex,Maharashtra,Pune,1500,865,57.7,Normal,635,0,657,208,Ineligible_Under_Time,
UTP-2026-0511,MAPU01-999818-2025,PRIS-MH-06,Yerwada Open Prison & Semi-Open Annex,Maharashtra,Pune,1500,865,57.7,Normal,635,0,657,208,Ineligible_Under_Time,
UTP-2026-0512,MAPU01-473053-2023,PRIS-MH-06,Yerwada Open Prison & Semi-Open Annex,Maharashtra,Pune,1500,865,57.7,Normal,635,0,657,208,Eligible,
UTP-2026-0513,MAPU01-527185-2024,PRIS-MH-06,Yerwada Open Prison & Semi-Open Annex,Maharashtra,Pune,1500,865,57.7,Normal,635,0,657,208,Excluded_Life_Or_Death,
UTP-2026-0514,MAPU01-559437-2025,PRIS-MH-06,Yerwada Open Prison & Semi-Open Annex,Maharashtra,Pune,1500,865,57.7,Normal,635,0,657,208,Ineligible_Under_Time,
UTP-2026-0515,MAPU01-110444-2024,PRIS-MH-06,Yerwada Open Prison & Semi-Open Annex,Maharashtra,Pune,1500,865,57.7,Normal,635,0,657,208,Ineligible_Under_Time,
UTP-2026-0516,MAPU01-666423-2025,PRIS-MH-06,Yerwada Open Prison & Semi-Open Annex,Maharashtra,Pune,1500,865,57.7,Normal,635,0,657,208,Blocked_Multiple_FIRs,
UTP-2026-0517,MAPU01-770898-2024,PRIS-MH-06,Yerwada Open Prison & Semi-Open Annex,Maharashtra,Pune,1500,865,57.7,Normal,635,0,657,208,Ineligible_Under_Time,
UTP-2026-0518,MAPU01-821797-2026,PRIS-MH-06,Yerwada Open Prison & Semi-Open Annex,Maharashtra,Pune,1500,865,57.7,Normal,635,0,657,208,Blocked_Multiple_FIRs,
UTP-2026-0519,MAPU01-284704-2026,PRIS-MH-06,Yerwada Open Prison & Semi-Open Annex,Maharashtra,Pune,1500,865,57.7,Normal,635,0,657,208,Eligible,Court hearing pending
UTP-2026-0520,MAPU01-620969-2025,PRIS-MH-06,Yerwada Open Prison & Semi-Open Annex,Maharashtra,Pune,1500,865,57.7,Normal,635,0,657,208,Ineligible_Under_Time,
UTP-2026-0521,MAPU01-356233-2026,PRIS-MH-06,Yerwada Open Prison & Semi-Open Annex,Maharashtra,Pune,1500,865,57.7,Normal,635,0,657,208,Ineligible_Under_Time,
UTP-2026-0522,MAPU01-490188-2025,PRIS-MH-06,Yerwada Open Prison & Semi-Open Annex,Maharashtra,Pune,1500,865,57.7,Normal,635,0,657,208,Eligible,Surety pending
UTP-2026-0523,MAPU01-859400-2024,PRIS-MH-06,Yerwada Open Prison & Semi-Open Annex,Maharashtra,Pune,1500,865,57.7,Normal,635,0,657,208,Ineligible_Under_Time,
UTP-2026-0524,MAPU01-120869-2023,PRIS-MH-06,Yerwada Open Prison & Semi-Open Annex,Maharashtra,Pune,1500,865,57.7,Normal,635,0,657,208,Ineligible_Under_Time,
UTP-2026-0525,MAPU01-271981-2026,PRIS-MH-06,Yerwada Open Prison & Semi-Open Annex,Maharashtra,Pune,1500,865,57.7,Normal,635,0,657,208,Blocked_Multiple_FIRs,
UTP-2026-0526,MAPU01-738345-2024,PRIS-MH-06,Yerwada Open Prison & Semi-Open Annex,Maharashtra,Pune,1500,865,57.7,Normal,635,0,657,208,Blocked_Multiple_FIRs,
UTP-2026-0527,MAPU01-627609-2023,PRIS-MH-06,Yerwada Open Prison & Semi-Open Annex,Maharashtra,Pune,1500,865,57.7,Normal,635,0,657,208,Ineligible_Under_Time,
UTP-2026-0528,MAPU01-412330-2024,PRIS-MH-06,Yerwada Open Prison & Semi-Open Annex,Maharashtra,Pune,1500,865,57.7,Normal,635,0,657,208,Ineligible_Under_Time,
UTP-2026-0529,MAPU01-709773-2023,PRIS-MH-06,Yerwada Open Prison & Semi-Open Annex,Maharashtra,Pune,1500,865,57.7,Normal,635,0,657,208,Ineligible_Under_Time,
UTP-2026-0530,MAPU01-419942-2024,PRIS-MH-06,Yerwada Open Prison & Semi-Open Annex,Maharashtra,Pune,1500,865,57.7,Normal,635,0,657,208,Blocked_Multiple_FIRs,
UTP-2026-0531,MAPU01-154301-2026,PRIS-MH-06,Yerwada Open Prison & Semi-Open Annex,Maharashtra,Pune,1500,865,57.7,Normal,635,0,657,208,Ineligible_Under_Time,
UTP-2026-0532,MAPU01-905430-2024,PRIS-MH-06,Yerwada Open Prison & Semi-Open Annex,Maharashtra,Pune,1500,865,57.7,Normal,635,0,657,208,Ineligible_Under_Time,
UTP-2026-0533,MAPU01-103485-2024,PRIS-MH-06,Yerwada Open Prison & Semi-Open Annex,Maharashtra,Pune,1500,865,57.7,Normal,635,0,657,208,Ineligible_Under_Time,
UTP-2026-0534,MAPU01-188115-2026,PRIS-MH-06,Yerwada Open Prison & Semi-Open Annex,Maharashtra,Pune,1500,865,57.7,Normal,635,0,657,208,Blocked_Multiple_FIRs,
UTP-2026-0535,MAPU01-304719-2023,PRIS-MH-06,Yerwada Open Prison & Semi-Open Annex,Maharashtra,Pune,1500,865,57.7,Normal,635,0,657,208,Blocked_Multiple_FIRs,
UTP-2026-0536,MAPU01-951619-2023,PRIS-MH-06,Yerwada Open Prison & Semi-Open Annex,Maharashtra,Pune,1500,865,57.7,Normal,635,0,657,208,Blocked_Multiple_FIRs,
UTP-2026-0537,MAPU01-681019-2025,PRIS-MH-06,Yerwada Open Prison & Semi-Open Annex,Maharashtra,Pune,1500,865,57.7,Normal,635,0,657,208,Eligible,
UTP-2026-0538,MAPU01-585239-2023,PRIS-MH-06,Yerwada Open Prison & Semi-Open Annex,Maharashtra,Pune,1500,865,57.7,Normal,635,0,657,208,Ineligible_Under_Time,
UTP-2026-0539,MAPU01-183662-2025,PRIS-MH-06,Yerwada Open Prison & Semi-Open Annex,Maharashtra,Pune,1500,865,57.7,Normal,635,0,657,208,Blocked_Multiple_FIRs,
UTP-2026-0540,MAPU01-360696-2024,PRIS-MH-06,Yerwada Open Prison & Semi-Open Annex,Maharashtra,Pune,1500,865,57.7,Normal,635,0,657,208,Ineligible_Under_Time,
UTP-2026-0541,MAPU01-748735-2023,PRIS-MH-06,Yerwada Open Prison & Semi-Open Annex,Maharashtra,Pune,1500,865,57.7,Normal,635,0,657,208,Eligible,Court hearing pending
UTP-2026-0542,MAPU01-529768-2023,PRIS-MH-06,Yerwada Open Prison & Semi-Open Annex,Maharashtra,Pune,1500,865,57.7,Normal,635,0,657,208,Eligible,Court hearing pending
UTP-2026-0543,MAPU01-633840-2023,PRIS-MH-06,Yerwada Open Prison & Semi-Open Annex,Maharashtra,Pune,1500,865,57.7,Normal,635,0,657,208,Ineligible_Under_Time,
UTP-2026-0544,MAPU01-663753-2026,PRIS-MH-06,Yerwada Open Prison & Semi-Open Annex,Maharashtra,Pune,1500,865,57.7,Normal,635,0,657,208,Ineligible_Under_Time,
UTP-2026-0545,MAPU01-852311-2023,PRIS-MH-06,Yerwada Open Prison & Semi-Open Annex,Maharashtra,Pune,1500,865,57.7,Normal,635,0,657,208,Eligible,Surety pending
UTP-2026-0546,MAPU01-383873-2025,PRIS-MH-06,Yerwada Open Prison & Semi-Open Annex,Maharashtra,Pune,1500,865,57.7,Normal,635,0,657,208,Ineligible_Under_Time,
UTP-2026-0547,MAPU01-204520-2023,PRIS-MH-06,Yerwada Open Prison & Semi-Open Annex,Maharashtra,Pune,1500,865,57.7,Normal,635,0,657,208,Eligible,Surety pending
UTP-2026-0548,MAPU01-326689-2026,PRIS-MH-06,Yerwada Open Prison & Semi-Open Annex,Maharashtra,Pune,1500,865,57.7,Normal,635,0,657,208,Ineligible_Under_Time,
UTP-2026-0549,MAPU01-336540-2025,PRIS-MH-06,Yerwada Open Prison & Semi-Open Annex,Maharashtra,Pune,1500,865,57.7,Normal,635,0,657,208,Blocked_Multiple_FIRs,
UTP-2026-0550,MAPU01-593171-2026,PRIS-MH-06,Yerwada Open Prison & Semi-Open Annex,Maharashtra,Pune,1500,865,57.7,Normal,635,0,657,208,Ineligible_Under_Time,
UTP-2026-0551,MAPU01-586129-2026,PRIS-MH-06,Yerwada Open Prison & Semi-Open Annex,Maharashtra,Pune,1500,865,57.7,Normal,635,0,657,208,Ineligible_Under_Time,
UTP-2026-0552,MAPU01-530145-2025,PRIS-MH-06,Yerwada Open Prison & Semi-Open Annex,Maharashtra,Pune,1500,865,57.7,Normal,635,0,657,208,Eligible,Court hearing pending
UTP-2026-0553,MAPU01-224896-2026,PRIS-MH-06,Yerwada Open Prison & Semi-Open Annex,Maharashtra,Pune,1500,865,57.7,Normal,635,0,657,208,Blocked_Multiple_FIRs,
UTP-2026-0554,MAPU01-224508-2023,PRIS-MH-06,Yerwada Open Prison & Semi-Open Annex,Maharashtra,Pune,1500,865,57.7,Normal,635,0,657,208,Ineligible_Under_Time,
UTP-2026-0555,MAPU01-850899-2023,PRIS-MH-06,Yerwada Open Prison & Semi-Open Annex,Maharashtra,Pune,1500,865,57.7,Normal,635,0,657,208,Ineligible_Under_Time,
UTP-2026-0556,MAPU01-108830-2025,PRIS-MH-06,Yerwada Open Prison & Semi-Open Annex,Maharashtra,Pune,1500,865,57.7,Normal,635,0,657,208,Ineligible_Under_Time,
UTP-2026-0557,MAPU01-695379-2026,PRIS-MH-06,Yerwada Open Prison & Semi-Open Annex,Maharashtra,Pune,1500,865,57.7,Normal,635,0,657,208,Ineligible_Under_Time,
UTP-2026-0558,MAPU01-314913-2025,PRIS-MH-06,Yerwada Open Prison & Semi-Open Annex,Maharashtra,Pune,1500,865,57.7,Normal,635,0,657,208,Ineligible_Under_Time,
UTP-2026-0559,MAPU01-753834-2025,PRIS-MH-06,Yerwada Open Prison & Semi-Open Annex,Maharashtra,Pune,1500,865,57.7,Normal,635,0,657,208,Ineligible_Under_Time,
UTP-2026-0560,MAPU01-474254-2025,PRIS-MH-06,Yerwada Open Prison & Semi-Open Annex,Maharashtra,Pune,1500,865,57.7,Normal,635,0,657,208,Eligible,
UTP-2026-0561,MAPU01-268818-2025,PRIS-MH-06,Yerwada Open Prison & Semi-Open Annex,Maharashtra,Pune,1500,865,57.7,Normal,635,0,657,208,Ineligible_Under_Time,
UTP-2026-0562,MAPU01-222448-2024,PRIS-MH-06,Yerwada Open Prison & Semi-Open Annex,Maharashtra,Pune,1500,865,57.7,Normal,635,0,657,208,Excluded_Life_Or_Death,
UTP-2026-0563,MAPU01-655859-2024,PRIS-MH-06,Yerwada Open Prison & Semi-Open Annex,Maharashtra,Pune,1500,865,57.7,Normal,635,0,657,208,Blocked_Multiple_FIRs,
UTP-2026-0564,MAPU01-539589-2023,PRIS-MH-06,Yerwada Open Prison & Semi-Open Annex,Maharashtra,Pune,1500,865,57.7,Normal,635,0,657,208,Ineligible_Under_Time,
UTP-2026-0565,MAPU01-749848-2023,PRIS-MH-06,Yerwada Open Prison & Semi-Open Annex,Maharashtra,Pune,1500,865,57.7,Normal,635,0,657,208,Blocked_Multiple_FIRs,
UTP-2026-0566,MAPU01-212341-2026,PRIS-MH-06,Yerwada Open Prison & Semi-Open Annex,Maharashtra,Pune,1500,865,57.7,Normal,635,0,657,208,Ineligible_Under_Time,
UTP-2026-0567,MAPU01-678614-2025,PRIS-MH-06,Yerwada Open Prison & Semi-Open Annex,Maharashtra,Pune,1500,865,57.7,Normal,635,0,657,208,Blocked_Multiple_FIRs,
UTP-2026-0568,MAPU01-138460-2025,PRIS-MH-06,Yerwada Open Prison & Semi-Open Annex,Maharashtra,Pune,1500,865,57.7,Normal,635,0,657,208,Ineligible_Under_Time,
UTP-2026-0569,MAPU01-254665-2026,PRIS-MH-06,Yerwada Open Prison & Semi-Open Annex,Maharashtra,Pune,1500,865,57.7,Normal,635,0,657,208,Blocked_Multiple_FIRs,
UTP-2026-0570,MAPU01-648736-2026,PRIS-MH-06,Yerwada Open Prison & Semi-Open Annex,Maharashtra,Pune,1500,865,57.7,Normal,635,0,657,208,Ineligible_Under_Time,
UTP-2026-0571,MAPU01-715195-2023,PRIS-MH-06,Yerwada Open Prison & Semi-Open Annex,Maharashtra,Pune,1500,865,57.7,Normal,635,0,657,208,Ineligible_Under_Time,
UTP-2026-0572,MAPU01-705158-2024,PRIS-MH-06,Yerwada Open Prison & Semi-Open Annex,Maharashtra,Pune,1500,865,57.7,Normal,635,0,657,208,Blocked_Multiple_FIRs,
UTP-2026-0573,MAPU01-405350-2024,PRIS-MH-06,Yerwada Open Prison & Semi-Open Annex,Maharashtra,Pune,1500,865,57.7,Normal,635,0,657,208,Blocked_Multiple_FIRs,
UTP-2026-0574,MAPU01-191233-2024,PRIS-MH-06,Yerwada Open Prison & Semi-Open Annex,Maharashtra,Pune,1500,865,57.7,Normal,635,0,657,208,Ineligible_Under_Time,
UTP-2026-0575,MAPU01-619214-2025,PRIS-MH-06,Yerwada Open Prison & Semi-Open Annex,Maharashtra,Pune,1500,865,57.7,Normal,635,0,657,208,Ineligible_Under_Time,
UTP-2026-0576,MAPU01-460765-2023,PRIS-MH-06,Yerwada Open Prison & Semi-Open Annex,Maharashtra,Pune,1500,865,57.7,Normal,635,0,657,208,Excluded_Life_Or_Death,
UTP-2026-0577,MAPU01-341687-2023,PRIS-MH-06,Yerwada Open Prison & Semi-Open Annex,Maharashtra,Pune,1500,865,57.7,Normal,635,0,657,208,Ineligible_Under_Time,
UTP-2026-0578,MAPU01-837139-2024,PRIS-MH-06,Yerwada Open Prison & Semi-Open Annex,Maharashtra,Pune,1500,865,57.7,Normal,635,0,657,208,Ineligible_Under_Time,
UTP-2026-0579,MAPU01-909388-2024,PRIS-MH-06,Yerwada Open Prison & Semi-Open Annex,Maharashtra,Pune,1500,865,57.7,Normal,635,0,657,208,Ineligible_Under_Time,
UTP-2026-0580,MAPU01-894352-2024,PRIS-MH-06,Yerwada Open Prison & Semi-Open Annex,Maharashtra,Pune,1500,865,57.7,Normal,635,0,657,208,Ineligible_Under_Time,
UTP-2026-0581,MAPU01-768622-2025,PRIS-MH-06,Yerwada Open Prison & Semi-Open Annex,Maharashtra,Pune,1500,865,57.7,Normal,635,0,657,208,Excluded_Life_Or_Death,
UTP-2026-0582,MAPU01-114097-2026,PRIS-MH-06,Yerwada Open Prison & Semi-Open Annex,Maharashtra,Pune,1500,865,57.7,Normal,635,0,657,208,Ineligible_Under_Time,
UTP-2026-0583,MAPU01-540267-2023,PRIS-MH-06,Yerwada Open Prison & Semi-Open Annex,Maharashtra,Pune,1500,865,57.7,Normal,635,0,657,208,Ineligible_Under_Time,
UTP-2026-0584,MAPU01-931063-2025,PRIS-MH-06,Yerwada Open Prison & Semi-Open Annex,Maharashtra,Pune,1500,865,57.7,Normal,635,0,657,208,Blocked_Multiple_FIRs,
UTP-2026-0585,MAPU01-190746-2026,PRIS-MH-06,Yerwada Open Prison & Semi-Open Annex,Maharashtra,Pune,1500,865,57.7,Normal,635,0,657,208,Ineligible_Under_Time,
UTP-2026-0586,MAPU01-379152-2023,PRIS-MH-06,Yerwada Open Prison & Semi-Open Annex,Maharashtra,Pune,1500,865,57.7,Normal,635,0,657,208,Ineligible_Under_Time,
UTP-2026-0587,MAPU01-153717-2026,PRIS-MH-06,Yerwada Open Prison & Semi-Open Annex,Maharashtra,Pune,1500,865,57.7,Normal,635,0,657,208,Ineligible_Under_Time,
UTP-2026-0588,MAPU01-404145-2024,PRIS-MH-06,Yerwada Open Prison & Semi-Open Annex,Maharashtra,Pune,1500,865,57.7,Normal,635,0,657,208,Blocked_Multiple_FIRs,
UTP-2026-0589,MAPU01-631697-2026,PRIS-MH-06,Yerwada Open Prison & Semi-Open Annex,Maharashtra,Pune,1500,865,57.7,Normal,635,0,657,208,Ineligible_Under_Time,
UTP-2026-0590,MAPU01-509735-2024,PRIS-MH-06,Yerwada Open Prison & Semi-Open Annex,Maharashtra,Pune,1500,865,57.7,Normal,635,0,657,208,Approaching,Court hearing pending
UTP-2026-0591,MAPU01-820333-2024,PRIS-MH-06,Yerwada Open Prison & Semi-Open Annex,Maharashtra,Pune,1500,865,57.7,Normal,635,0,657,208,Eligible,
UTP-2026-0592,MAPU01-664948-2023,PRIS-MH-06,Yerwada Open Prison & Semi-Open Annex,Maharashtra,Pune,1500,865,57.7,Normal,635,0,657,208,Blocked_Multiple_FIRs,
UTP-2026-0593,MAPU01-132972-2023,PRIS-MH-06,Yerwada Open Prison & Semi-Open Annex,Maharashtra,Pune,1500,865,57.7,Normal,635,0,657,208,Ineligible_Under_Time,
UTP-2026-0594,MAPU01-981508-2023,PRIS-MH-06,Yerwada Open Prison & Semi-Open Annex,Maharashtra,Pune,1500,865,57.7,Normal,635,0,657,208,Ineligible_Under_Time,
UTP-2026-0595,MAPU01-333653-2026,PRIS-MH-06,Yerwada Open Prison & Semi-Open Annex,Maharashtra,Pune,1500,865,57.7,Normal,635,0,657,208,Excluded_Life_Or_Death,
UTP-2026-0596,MAPU01-812685-2023,PRIS-MH-06,Yerwada Open Prison & Semi-Open Annex,Maharashtra,Pune,1500,865,57.7,Normal,635,0,657,208,Blocked_Multiple_FIRs,
UTP-2026-0597,MAPU01-369035-2024,PRIS-MH-06,Yerwada Open Prison & Semi-Open Annex,Maharashtra,Pune,1500,865,57.7,Normal,635,0,657,208,Blocked_Multiple_FIRs,
UTP-2026-0598,MAPU01-415734-2023,PRIS-MH-06,Yerwada Open Prison & Semi-Open Annex,Maharashtra,Pune,1500,865,57.7,Normal,635,0,657,208,Excluded_Life_Or_Death,
UTP-2026-0599,MAPU01-783737-2024,PRIS-MH-06,Yerwada Open Prison & Semi-Open Annex,Maharashtra,Pune,1500,865,57.7,Normal,635,0,657,208,Ineligible_Under_Time,
UTP-2026-0600,MAPU01-939279-2023,PRIS-MH-06,Yerwada Open Prison & Semi-Open Annex,Maharashtra,Pune,1500,865,57.7,Normal,635,0,657,208,Ineligible_Under_Time,
